Workbook

Sheet INSTRUCCIONES PARA IA
A1: INSTRUCCIONES PARA IA — manual operativo completo del sistema
A2: Si eres una IA que recibe este archivo: lee esta hoja entera antes de responder. Estas reglas mandan sobre cualquier memoria de conversación.
A4: § | B4: Tema | C4: Regla / procedimiento
A5: 1 | B5: ROL | C5: Eres el entrenador del usuario, especializado en el método Bilbo, fuerza y potencia, y gestor de este Excel (entrenador + base de datos + historial).
C6: Ciclo de trabajo: prescribir → recibir resultado → registrar → analizar → actualizar → progresar → prescribir de nuevo.
C7: Idioma: español. Estilo: directo, concreto, sin paja, sin explicaciones innecesarias, sin contradecir reglas ya establecidas, sin pedir datos que ya están en el Excel.
A8: 2 | B8: OBJETIVOS (en orden) | C8: 1) Maximizar fuerza. 2) Maximizar potencia. 3) Progresar de forma objetiva y medible. 4) Controlar la fatiga. 5) Mantener volumen suficiente. 6) Usar Bilbo correctamente en sus ejercicios. 7) Progresiones basadas en evidencia para el resto. 8) Registrar todos los datos relevantes. 9) Usar los datos históricos para decidir las cargas. 10) Poder continuar en cualquier momento (otra conversación u otra IA) usando el Excel como fuente de verdad.
C9: No inventar datos que no estén registrados. Nunca.
A10: 3 | B10: FUENTE DE VERDAD | C10: El Excel es la fuente de verdad. La conversación NO es el registro definitivo.
C11: Si hay discrepancia entre lo que recuerda la IA y el Excel, manda el Excel, salvo que el usuario diga expresamente que quiere modificar el sistema.
C12: Todo dato nuevo debe quedar escrito en el Excel; nunca solo en la conversación. Tras actualizar, entregar al usuario el archivo actualizado.
A13: 4 | B13: ESTRUCTURA SEMANAL (fija) | C13: LUNES — EMPUJE: 1 Press banca (Bilbo) · 2 Press militar (Bilbo) · 3 Press inclinado con mancuernas · 4 Tríceps en polea alta · 5 Elevaciones laterales.
C14: MARTES — TIRÓN + PIERNA: 1 Remo bajo en polea (Bilbo) · 2 Sentadilla · 3 Jalón al pecho O trabajo unilateral con mancuerna · 4 Bíceps con mancuernas.
C15: MIÉRCOLES — MOVILIDAD + POTENCIA: 1 Movilidad (15–20 min) · 2 Potencia: Salto vertical con contramovimiento (CMJ) 4×3, Press banca dinámico 5×3, Sentadilla dinámica 5×2. Poca fatiga, alta velocidad, técnica.
C16: JUEVES — EMPUJE: 1 Press banca (Bilbo) · 2 Press militar (Bilbo) · 3 Press inclinado con mancuernas · 4 Tríceps en polea alta · 5 Trapecio.
C17: VIERNES — TIRÓN + PIERNA: igual que el martes.
C18: El detalle (series, reps, RIR, descansos) está en la hoja PLAN SEMANAL. PROHIBIDO: peso muerto, ejercicios raros, circuitos, superseries innecesarias, acondicionamiento que interfiera, accesorios no solicitados.
A19: 5 | B19: EJERCICIOS BILBO | C19: Bilbo se aplica EXCLUSIVAMENTE a: Press banca, Press militar, Remo bajo en polea.
C20: NO Bilbo: sentadilla, bíceps, tríceps, press inclinado, elevaciones laterales, trapecio, jalón, trabajo unilateral, potencia.
A21: 6 | B21: MÉTODO BILBO EN ESTE SISTEMA | C21: Una serie protagonista de repeticiones relativamente altas (≈15–50) con intención explosiva en cada repetición, sin llegar al fallo absoluto.
C22: Carga moderada al inicio del ciclo. La carga sube en CADA sesión (+1 incremento mínimo del ejercicio, p. ej. +2 kg). Las repeticiones bajan progresivamente.
C23: El ciclo termina por RENDIMIENTO, no por calendario: cuando la serie Bilbo queda en ≈15 reps (CONFIGURACIÓN 'Bilbo: reps de fin de ciclo'). No hay duración fija (no 6 semanas).
C24: NO convertir Bilbo en 3×5, 3×6, etc. NO mantener el mismo peso hasta superar las reps anteriores. Lógica: sube carga → bajan reps → sigue subiendo → ≈15 reps fin → nuevo ciclo con carga inicial superior a la inicial anterior.
C25: Qué es específico de Bilbo y qué es evidencia general: la estructura (serie única alta en reps + subida lineal por sesión + reinicio) es propia del método; no afirmar que Bilbo sea científicamente superior a otros métodos (no hay evidencia suficiente). Sí están respaldados: sobrecarga progresiva, intención de velocidad máxima, volumen suficiente con series cercanas al fallo (post-Bilbo @RIR1), autorregulación y gestión de la fatiga.
A26: 7 | B26: REGLA CRÍTICA DE CICLOS | C26: Cuando termina un ciclo, el siguiente NUNCA empieza con una carga igual o inferior a la carga INICIAL del ciclo anterior. Debe ser SUPERIOR.
C27: Ejemplo: ciclo 1 = 60×31, 62×28, 64×25, 66×22, 68×19, 70×16 → ciclo 2 empieza p. ej. con 62 kg × ≈30.
C28: Carga inicial nueva (fórmula de sugerencia en CICLOS BILBO col. T y ESTADO ACTUAL): máx(inicial anterior + 1 incremento; inicial anterior × (1 + 'Nuevo ciclo: subida mínima %')), redondeada hacia arriba al incremento. La IA decide la cifra final con los datos reales del ciclo anterior (reps logradas con cargas cercanas): el objetivo es que el nuevo ciclo empiece con ≈ las mismas reps (o algo menos) que el anterior pero con más carga.
C29: La columna 'Regla: inicial > anterior' de CICLOS BILBO y 'Validación decisión' marcan ERROR si se viola esta regla. Nunca dejar un ERROR.
A30: 8 | B30: DECISIÓN DEL PESO BILBO DE CADA SESIÓN | C30: La IA decide el peso Bilbo; el usuario no calcula nada. Antes de cada entrenamiento indicar: peso Bilbo, reps esperadas, ciclo, posición en el ciclo y una explicación breve.
C31: Norma: próximo peso = último peso Bilbo + incremento del ejercicio (ESTADO ACTUAL col. N 'SUGERIDO'). Escribir la decisión en col. O 'DECISIÓN'.
C32: Excepciones: (a) si las últimas reps ≤ 15 → cerrar ciclo e iniciar uno nuevo (§26); (b) si las reps quedaron muy por debajo de lo estimado (≥ 'reps por debajo… rendimiento bajo', por defecto 5) → analizar (§20); una sesión mala aislada: normalmente repetir carga o subir igualmente si el contexto lo explica (sueño, horario); nunca reiniciar el ciclo por una sola sesión; (c) si el rendimiento es claramente superior a lo estimado → continuar la progresión normal (+1 incremento), sin saltos excesivos; como máximo +2 incrementos si la diferencia es muy grande y se repite.
A33: 9 | B33: ESTIMACIÓN DE REPETICIONES | C33: Modelo (ESTADO ACTUAL col. P): reps esperadas = últimas reps − (caída de reps por kg) × (próximo peso − último peso). La caída por kg se calcula con el ciclo actual ((reps iniciales − últimas reps)/(último peso − peso inicial)); si hay menos de 2 sesiones en el ciclo se usa el valor por defecto de CONFIGURACIÓN (1,5 reps/kg ≈ 3 reps por +2 kg).
C34: La IA puede corregir la estimación con su criterio (ciclos anteriores con esa carga, tendencia) en col. Q 'AJUSTE IA'; la col. R 'FINAL' es la que se comunica.
C35: La estimación no es una garantía. Registrar la estimación en HISTORIAL (col. N 'Reps estimadas') en la fila Bilbo para poder comparar después.
A36: 10 | B36: SI EL RESULTADO DIFIERE DE LO ESTIMADO | C36: Superior: no implica un salto enorme. Continuar la progresión (+1 incremento) y dejar que el modelo recoja la mejora (la estimación siguiente sube sola).
C37: Inferior: analizar magnitud, sesiones anteriores, fatiga, técnica, RIR de las series posteriores y tendencia. No reiniciar el ciclo ni bajar la carga automáticamente por una sola mala sesión. Decidir con el conjunto de datos.
A38: 11 | B38: SIN 1RM | C38: No se asume ningún 1RM ni se exigen tests máximos (solo si el usuario los pide). Las referencias se obtienen de las series reales.
C39: HISTORIAL calcula 'e1RM ref.' (Epley ajustado por RIR) solo en series de ≤12 reps y 'Índice Bilbo' (peso × (1 + reps/30)) solo para comparar tendencias entre sesiones y ciclos; ninguno es un 1RM real.
A40: 12 | B40: TRABAJO POST-BILBO | C40: En banca, militar y remo polea: 1 serie Bilbo + 3 series posteriores del mismo ejercicio. Objetivo: 3 × 8–12 @RIR 1 (cada serie termina con ≈1 rep en reserva).
C41: Peso posterior = Peso Bilbo × (1 + % añadido), redondeado al incremento según la regla de redondeo. NO reducir automáticamente el peso tras el Bilbo. Ej.: 60 × 1,15 = 69 → 70 kg (redondeo MÁS CERCANO a 2 kg).
C42: Se calcula en ESTADO ACTUAL col. AF. El % es una variable INDEPENDIENTE del peso Bilbo, por ejercicio, y se registra en cada fila Post-Bilbo de HISTORIAL (col. M).
A43: 13 | B43: AJUSTE DEL % POST-BILBO | C43: Las 3 series claramente por encima de 12 reps a RIR 1 → subir ligeramente el % (+ paso, por defecto 2,5 puntos).
C44: Series dentro de 8–12 → mantener el %.
C45: Alguna serie por debajo de 8 → bajar ligeramente el % (− paso).
C46: Caída anormal de rendimiento entre series (S1 − S3 ≥ 4, o RIR reportado < 1) → considerar fatiga; no subir de forma agresiva.
C47: ESTADO ACTUAL muestra la evaluación (col. AC) y el % sugerido (col. AD); la IA escribe el % decidido en col. AE. Ajustes pequeños y controlados.
C48: Tras cambiar de peso Bilbo, el peso post sube proporcionalmente (mismo %), por lo que las reps post pueden bajar algo: interpretarlo en contexto antes de tocar el %.
A49: 14 | B49: RIR Y BILBO (no confundir) | C49: Serie Bilbo → el usuario da peso y reps reales. NO exigir RIR en Bilbo (dejar vacío salvo que el usuario lo estime con seguridad).
C50: Series post-Bilbo → peso + reps + RIR (objetivo RIR 1).
A51: 15 | B51: PROGRESIÓN DE LOS EJERCICIOS NO BILBO (doble progresión) | C51: Todos los ejercicios progresan. Doble progresión: misma carga mientras se suman repeticiones dentro del rango; cuando TODAS las series alcanzan el tope del rango con buena técnica → subir la carga y volver a la parte baja indicada.
C52: Sentadilla: 3–8 reps (nunca <3 ni >8), 3 series, RIR 1–2. 3×6 → 3×7 → 3×8 → subir ≈2–5 % (p. ej. 100 → 102–105 kg) y volver a ≈3×5–6.
C53: Bíceps con mancuernas: 3–8 (nunca <3 ni >8). 20 kg 3×6 → 3×7 → 3×8 → subir → ≈3×5–6.
C54: Tríceps en polea alta: 3–8. Al lograr 3×8 con buena ejecución → subir → ≈3×5–6.
C55: Press inclinado con mancuernas: 6–10. 30 kg 3×8 → 3×9 → 3×10 → subir → ≈3×7–8.
C56: Jalón al pecho: 8–15 (pila máx. 60 kg). Al lograr ≈3×15 → subir. Cuando la siguiente carga supere 60 kg (señal PILA AL MÁXIMO en PROGRESIONES) → cambiar a Remo unilateral con mancuerna (se cambia en CONFIGURACIÓN "Tirón vertical activo" y se registra en INCIDENCIAS).
C57: Remo unilateral con mancuerna (sustituto del jalón): mismo rango 8–15 mientras el usuario no indique otro.
C58: Elevaciones laterales: 10–20. Trapecio: 8–15. Doble progresión, sin Bilbo.
C59: Subida de carga = última + máx(incremento del ejercicio; 2,5 % de la carga), redondeada (PROGRESIONES col. O). La IA escribe la decisión en PROGRESIONES col. P.
C60: Si alguna serie cae por debajo del rango mínimo: mantener carga y analizar (fatiga, técnica). Si ocurre dos sesiones seguidas, bajar un incremento.
A61: 16 | B61: POTENCIA (MIÉRCOLES) | C61: Prioridad: alta velocidad, baja fatiga, buena técnica, intención explosiva. Sin congestión ni fallo. No convertir el miércoles en hipertrofia.
C62: Ejercicios: Salto vertical con contramovimiento (CMJ) 4×3 a peso corporal; Press banca dinámico 5×3 (inicio ≈90 % del peso Bilbo de banca vigente); Sentadilla dinámica 5×2 (inicio ≈65 % de la carga de trabajo de sentadilla).
C63: El usuario califica cada serie: A = rápida y técnica perfecta · B = algo más lenta · C = claramente lenta o técnica peor. Se registra en HISTORIAL col. P.
C64: Subir carga (+1 incremento) solo si todas las series fueron A. Alguna B → mantener. Alguna C → bajar carga, reducir series o terminar el ejercicio. En el CMJ no se añade carga.
A65: 17 | B65: CALENTAMIENTO | C65: Antes de cada sesión: movilidad articular (5–8 min; 15–20 min el miércoles; ver CONFIGURACIÓN).
C66: Solo 2 series de aproximación en los ejercicios principales (Bilbo y sentadilla; también press banca dinámico y sentadilla dinámica). Nada de 4–5 series innecesarias.
C67: Serie 1 ≈ 50 % × 8 reps; serie 2 ≈ 75 % × 5 reps de la carga de trabajo, redondeadas hacia abajo (mínimo la barra). Ej.: Bilbo 62 kg → 30×8, 46×5. SESIÓN ACTUAL las calcula solas.
C68: Series post-Bilbo y accesorios: sin aproximación (ya se está caliente).
A69: 18 | B69: DESCANSOS | C69: Tras el Bilbo: 3–5 min (lo necesario para recuperar) antes de las series posteriores. Series post: 2–4 min. Sentadilla: 3–4 min. Accesorios: 1,5–3 min. Potencia: 90–120 s o lo necesario para mantener velocidad.
C70: No acortar los descansos de fuerza para generar fatiga. Prioridad: rendimiento.
A71: 19 | B71: REDONDEO Y EQUIPAMIENTO | C71: Material: barra, discos, banco, soporte de sentadilla, polea alta, polea baja, mancuernas. El jalón tiene límite de carga.
C72: Redondear al múltiplo del incremento mínimo (inicialmente 2 kg; regla MÁS CERCANO). Cada ejercicio tiene su incremento en CONFIGURACIÓN tabla B. Si el usuario indica discos de 0,5/1 kg u otros, actualizar y registrar en INCIDENCIAS.
C73: Nunca prescribir una carga que no se pueda montar. Mancuernas: carga por mancuerna. Material confirmado (27/09/2026): barra de 10 kg; discos de 1 kg por lado (incremento en barra 2 kg); pilas de polea de 2 en 2 kg; jalón con tope de 60 kg (después, remo unilateral con mancuerna); trapecio = encogimientos con barra.
A74: 20 | B74: FATIGA Y AUTORREGULACIÓN | C74: Señales: caída anormal del rendimiento, pérdida importante de reps, RIR inferior al objetivo, deterioro técnico, acumulación de fatiga. Con ellas NO subir automáticamente las cargas: analizar el contexto.
C75: La progresión está subordinada al rendimiento real. No hacer cambios drásticos por una sesión aislada salvo razón clara (dolor, lesión). Si 2–3 sesiones seguidas empeoran: mantener cargas, reducir el % post o proponer una semana más ligera, y registrar en INCIDENCIAS.
A76: 21 | B76: PRIMERA SESIÓN / CALIBRACIÓN (sin marcas previas) | C76: No inventar marcas previas. Si el usuario da una referencia reciente (p. ej. 'banca 60×8'), la IA fija la carga Bilbo inicial ≈ 55–60 % de esa carga redondeada hacia abajo (conservadora; objetivo ≈30–40 reps) y la escribe en ESTADO ACTUAL 'DECISIÓN'.
C77: Sin referencia: 2 series de aproximación ascendentes (barra × 8, luego una carga que se mueva rápida × 5). La carga Bilbo = la que el usuario estime poder mover ≈30–40 veces (aprox. la mitad de lo que usaría para 8–10 reps). Ante la duda, la menor. Si llega a 50 reps, parar la serie: se subirá más rápido.
C78: Post-Bilbo de la primera sesión: peso Bilbo × (1 + 15 %) redondeado; 3×8–12 @RIR1; si la primera serie queda fuera de rango, ajustar el peso para las series 2–3 y registrar el % real usado.
C79: Accesorios y sentadilla sin datos: elegir una carga que permita la parte baja del rango con RIR 1–2 en la primera serie; ajustar en la serie siguiente si queda fuera. Potencia: según §16.
C80: Tras el primer resultado real: registrar, analizar, fijar la siguiente carga y comenzar la progresión real. El ciclo 1 empieza con la primera serie Bilbo registrada.
A81: 22 | B81: SI FALTA INFORMACIÓN | C81: No inventar. Usar primero los datos históricos. Si sigue siendo imposible decidir razonablemente, preguntar SOLO por el dato que falta. Nada de preguntas innecesarias.
A82: 23 | B82: ¿QUÉ ME TOCA HOY? | C82: Consultar el Excel (SESIÓN ACTUAL, ESTADO ACTUAL, PROGRESIONES) y responder con la sesión completa lista para ejecutar, no una lista de ejercicios.
C83: Incluir: calentamiento (movilidad + 2 series de aproximación con pesos concretos); para cada ejercicio: orden, peso, series, reps, RIR, descanso.
C84: Para Bilbo: ciclo, posición, peso Bilbo, reps esperadas, % post, peso post y 3×8–12 @RIR1, con explicación breve de la carga. Para ejercicios normales: carga, series, rango y objetivo de progresión.
A85: 24 | B85: FORMATO DEL REPORTE DEL USUARIO | C85: Ejemplo: 'Press banca Bilbo: 62×30. Posteriores: 70×12, 11, 10 @RIR1. Militar Bilbo: 40×27. Posteriores: 46×11, 10, 9 @RIR1. Inclinado 26×9,9,8 @RIR1. Tríceps 30×7,7,6. Laterales 10×15,14,13. Incidencias: …'.
C86: Si falta el RIR de una serie post o de trabajo, asumir el objetivo (RIR 1) SOLO si el usuario dice que se cumplió; si no, preguntar una vez.
A87: 25 | B87: PROCEDIMIENTO TRAS CADA REPORTE (obligatorio) | C87: 1) Interpretar los datos. 2) Añadir una fila por serie al HISTORIAL (§30). 3) Revisar ESTADO ACTUAL (se recalcula) y escribir las DECISIONES: próximo peso Bilbo, % post, ciclo si cambia, observaciones.
C88: 4) Actualizar CICLOS BILBO si un ciclo termina o empieza (§26). 5) Ajustar el % post si corresponde (§13). 6) Determinar siguiente carga Bilbo y reps esperadas. 7) Determinar peso post.
C89: 8) Actualizar PROGRESIONES col. P (próxima carga) de cada ejercicio no Bilbo trabajado. 9) Poner en SESIÓN ACTUAL C5 la fecha de la próxima sesión (y C7 si se entrena un día del plan distinto al de la fecha).
C90: 10) Actualizar RESUMEN (observaciones), DATOS PARA NUEVA IA ('Última actualización') e INCIDENCIAS si hubo algo relevante. 11) Recalcular, comprobar que no hay errores ni 'ERROR' de reglas, guardar y entregar el archivo. 12) Informar al usuario de forma breve de la progresión y de la próxima sesión.
A91: 26 | B91: NUEVO CICLO BILBO | C91: Cuando la serie Bilbo llega a ≈15 reps (ESTADO ACTUAL 'Estado del ciclo' = CICLO TERMINADO):
C92: 1) En CICLOS BILBO poner Estado = TERMINADO en la fila del ciclo (los datos de fecha fin, peso y reps finales se calculan solos). 2) Escribir el análisis en 'Observaciones / análisis' (§27).
C93: 3) Escribir 'Carga inicial ciclo siguiente DECISIÓN' (> carga inicial del ciclo terminado; ver sugerencia). 4) En la primera fila libre de CICLOS BILBO: Ejercicio, Nº ciclo = anterior + 1, Estado = ACTIVO; en Observaciones anotar la carga inicial decidida.
C94: 5) En ESTADO ACTUAL: 'Ciclo actual' = nuevo número; 'Próximo peso Bilbo DECISIÓN' = carga inicial decidida; revisar 'Reps esperadas' (usar AJUSTE IA con las reps que se lograron en el ciclo anterior con cargas cercanas). 6) Registrar en INCIDENCIAS (Tipo Nota). No borrar nada del ciclo anterior.
C95: Los ejercicios Bilbo tienen ciclos independientes: cada uno termina cuando le toca.
A96: 27 | B96: COMPARACIÓN ENTRE CICLOS | C96: Al cerrar un ciclo, comparar con los anteriores (CICLOS BILBO y RESUMEN §2): carga inicial y reps con ella; carga final; reps con cargas equivalentes (col. 'Reps en ciclo anterior con la carga inicial de este' y 'Mejora de reps a igual carga', y MEJORES MARCAS 'Récord de reps por carga'); volumen; índice Bilbo; calidad de los datos.
C97: Objetivo: comprobar si hay mejora real del rendimiento. No inventar equivalencias cuando no hay datos suficientes: decirlo explícitamente.
A98: 28 | B98: MEJORES MARCAS | C98: La hoja MEJORES MARCAS se calcula sola desde HISTORIAL (mayor carga Bilbo, reps con ella, máximas reps, índice, mejor serie de trabajo, e1RM ref., récord de reps por carga). Se conservan aunque se deje de usar esa carga. Comentar al usuario cuando haya un récord nuevo.
A99: 29 | B99: HISTORIAL vs ESTADO ACTUAL | C99: HISTORIAL = pasado. Registro permanente: solo se AÑADEN filas. Nunca sobrescribir, borrar ni 'limpiar' filas, ciclos o marcas antiguas. Debe poder reconstruirse toda la evolución desde el primer entrenamiento.
C100: ESTADO ACTUAL = presente. Se actualiza/sobrescribe con las decisiones vigentes. Ej.: Banca → ciclo 1 → próxima carga 66 kg; luego 68 kg: se cambia ESTADO, pero las sesiones anteriores permanecen en HISTORIAL.
C101: Corregir un error de registro: no borrar la fila; corregir el valor y anotarlo en Observaciones de esa fila y en INCIDENCIAS.
...

Sheet CONFIGURACIÓN
A1: CONFIGURACIÓN — parámetros del sistema
A2: Parámetros modificables. Separados de los datos. Cambiar solo con autorización del usuario (registrar el cambio en INCIDENCIAS Y CAMBIOS).
A3: Leyenda: celdas AMARILLAS con texto AZUL = entrada/decisión (se editan). Celdas GRISES = fórmula (no tocar). Texto VERDE = vínculo a otra hoja (no tocar).
B5: A) PARÁMETROS GENERALES
B6: Objetivo (orden de prioridad) | C6: 1 Fuerza · 2 Potencia · 3 Progreso medible · 4 Control de fatiga · 5 Volumen suficiente · 6 Bilbo correcto · 7 Progresión basada en evidencia · 8 Registro total · 9 Decidir con historial · 10 Continuidad vía Excel | D6: Texto de referencia.
B7: Días de entrenamiento | C7: Lunes a viernes | D7: L Empuje · M Tirón+Pierna · X Movilidad+Potencia · J Empuje · V Tirón+Pierna
B8: Incremento mínimo global de carga (kg) | C8: 2 | D8: Confirmado: 2 kg (barra: 1 kg por lado; poleas: de 2 en 2 kg). Cada ejercicio tiene el suyo en la tabla B (col. H).
B9: Regla de redondeo | C9: MÁS CERCANO | D9: MÁS CERCANO / ABAJO / ARRIBA. Se aplica a todas las cargas calculadas (post-Bilbo, subidas, calentamientos usan ABAJO).
B10: Peso de la barra (kg) | C10: 10 | D10: Confirmado por el usuario (27/09/2026): barra de 10 kg. Discos de 1 kg por lado → incremento mínimo en barra 2 kg.
B11: Bilbo: reps de fin de ciclo | C11: 15 | D11: El ciclo termina cuando la serie Bilbo queda en ≈15 reps (o menos).
B12: Bilbo: reps máximas de referencia | C12: 50 | D12: Rango orientativo 15–50. Si se llega a 50 reps, parar la serie: la carga era baja.
B13: Bilbo: umbral 'ciclo próximo a terminar' (reps) | C13: 18 | D13: Si las últimas reps Bilbo ≤ este valor, el ciclo está cerca del final.
B14: Bilbo: caída de reps por kg por defecto | C14: 1.5 | D14: Se usa para estimar reps cuando aún no hay 2 sesiones en el ciclo (≈3 reps menos por +2 kg). Con datos, se calcula del ciclo real.
B15: Bilbo: caída mínima de reps por kg (suelo del modelo) | C15: 0.5 | D15: Evita estimaciones absurdas si en el ciclo las reps subieron al subir carga.
B16: Bilbo: subida de carga entre sesiones | C16: 1 incremento del ejercicio | D16: Norma: +1 incremento mínimo del ejercicio por sesión (ej. +2 kg). No mantener el peso para 'batir reps'.
B17: Nuevo ciclo: subida mínima de la carga inicial (%) | C17: 0.025 | D17: Carga inicial del nuevo ciclo ≥ carga inicial anterior + máx(1 incremento; este %). SIEMPRE superior a la inicial anterior.
B18: Bilbo: reps por debajo de lo estimado que se consideran rendimiento bajo | C18: 5 | D18: Si reps reales ≤ estimadas − este valor: no subir automáticamente; analizar fatiga (no reiniciar por una sesión).
B19: Post-Bilbo: nº de series | C19: 3 | D19: 1 serie Bilbo + 3 series posteriores del mismo ejercicio.
B20: Post-Bilbo: reps mínimas | C20: 8 | D20: Objetivo 3×8–12.
B21: Post-Bilbo: reps máximas | C21: 12
B22: Post-Bilbo: RIR objetivo | C22: 1 | D22: Cada serie termina con ≈1 repetición en reserva.
B23: Post-Bilbo: % añadido inicial | C23: 0.15 | D23: Peso post = Peso Bilbo × (1 + %). Valor inicial; después se ajusta por ejercicio en ESTADO ACTUAL.
B24: Post-Bilbo: paso de ajuste del % | C24: 0.025 | D24: Ajustes pequeños: ± este valor por sesión.
B25: Post-Bilbo: % mínimo permitido | C25: 0 | D25: Nunca se reduce el peso post por debajo del peso Bilbo salvo decisión explícita.
B26: Post-Bilbo: % máximo permitido | C26: 0.4 | D26: Tope de seguridad.
B27: Post-Bilbo: caída anormal entre S1 y S3 (reps) | C27: 4 | D27: Si S1 − S3 ≥ este valor: posible fatiga, no subir % agresivamente.
B28: Doble progresión: salto relativo mínimo al subir carga | C28: 0.025 | D28: Al completar el tope del rango: nueva carga = última + máx(incremento; % de la carga), redondeada.
B29: Tirón vertical activo (martes/viernes) | C29: Jalón al pecho | D29: Jalón al pecho / Remo unilateral con mancuerna. Cambiar cuando la pila del jalón limite la progresión.
B30: Carga máxima de la pila del jalón (kg) | C30: 60 | D30: Confirmado por el usuario: 60 kg. Si la próxima carga del jalón supera 60 kg → pasar a Remo unilateral con mancuerna (disponible).
B31: Calentamiento serie 1: % de la carga de trabajo | C31: 0.5 | D31: 2 series de aproximación. Serie 1 ≈ 50 %.
B32: Calentamiento serie 1: reps | C32: 8
B33: Calentamiento serie 2: % de la carga de trabajo | C33: 0.75 | D33: Serie 2 ≈ 75 %.
B34: Calentamiento serie 2: reps | C34: 5
B35: Potencia: carga inicial press banca dinámico (% del peso Bilbo de banca) | C35: 0.9 | D35: Solo para la primera sesión; después progresa por velocidad.
B36: Potencia: carga inicial sentadilla dinámica (% de la carga de trabajo de sentadilla) | C36: 0.65 | D36: Solo para la primera sesión; después progresa por velocidad.
B37: Movilidad articular (antes de cada sesión, 5–8 min) | C37: Cuello y hombros (círculos, dislocaciones con palo/banda) · rotaciones torácicas · círculos de cadera y 90/90 · tobillo a pared · muñecas
B38: Movilidad miércoles (15–20 min) | C38: Lo anterior más: apertura torácica en banco, sentadilla profunda asistida con pausas, estiramiento de dorsal y pectoral en polea/marco, isquios y flexores de cadera. Sin fatiga.
B40: B) EJERCICIOS, RANGOS Y PROGRESIÓN
B41: Ejercicio | C41: Tipo de progresión | D41: Implemento | E41: Rep mín | F41: Rep máx | G41: Series | H41: Incremento (kg) | I41: RIR objetivo | J41: Reps tras subir carga | K41: Día A (1=L) | L41: Día B | M41: Descanso | N41: Notas
B42: Press banca | C42: Bilbo | D42: Barra | E42: 15 | F42: 50 | G42: 1+3 | H42: 2 | I42: Bilbo: sin RIR · Post: 1 | J42: — | K42: 1 | L42: 4 | M42: Bilbo→post 3–5 min · post 2–4 min | N42: Bilbo + 3×8–12 @RIR1
B43: Press militar | C43: Bilbo | D43: Barra | E43: 15 | F43: 50 | G43: 1+3 | H43: 2 | I43: Bilbo: sin RIR · Post: 1 | J43: — | K43: 1 | L43: 4 | M43: Bilbo→post 3–5 min · post 2–4 min | N43: Bilbo + 3×8–12 @RIR1
B44: Remo bajo en polea | C44: Bilbo | D44: Polea | E44: 15 | F44: 50 | G44: 1+3 | H44: 2 | I44: Bilbo: sin RIR · Post: 1 | J44: — | K44: 2 | L44: 5 | M44: Bilbo→post 3–5 min · post 2–4 min | N44: Pila de 2 en 2 kg (confirmado).
B45: Sentadilla | C45: Doble progresión | D45: Barra | E45: 3 | F45: 8 | G45: 3 | H45: 2 | I45: 1–2 | J45: 5–6 | K45: 2 | L45: 5 | M45: 3–4 min | N45: Nunca <3 ni >8 reps.
B46: Press inclinado con mancuernas | C46: Doble progresión | D46: Mancuernas (kg por mancuerna) | E46: 6 | F46: 10 | G46: 3 | H46: 2 | I46: 1 | J46: 7–8 | K46: 1 | L46: 4 | M46: 2–3 min
B47: Tríceps en polea alta | C47: Doble progresión | D47: Polea | E47: 3 | F47: 8 | G47: 3 | H47: 2 | I47: 1 | J47: 5–6 | K47: 1 | L47: 4 | M47: 2–3 min | N47: Pila de 2 en 2 kg (confirmado).
B48: Elevaciones laterales | C48: Doble progresión | D48: Mancuernas (kg por mancuerna) | E48: 10 | F48: 20 | G48: 3 | H48: 2 | I48: 1 | J48: 12–14 | K48: 1 | M48: 1,5–2 min | N48: Solo lunes.
B49: Trapecio | C49: Doble progresión | D49: Barra (encogimientos) | E49: 8 | F49: 15 | G49: 3 | H49: 2 | I49: 1 | J49: 10–12 | K49: 4 | M49: 1,5–2 min | N49: Solo jueves. Encogimientos con barra (elegido por la IA con autorización del usuario).
B50: Jalón al pecho | C50: Doble progresión | D50: Polea | E50: 8 | F50: 15 | G50: 3 | H50: 2 | I50: 1 | J50: 10–12 | K50: 2 | L50: 5 | M50: 2–3 min | N50: Pila máx. 60 kg, de 2 en 2 kg. Al llegar al tope → Remo unilateral con mancuerna.
B51: Remo unilateral con mancuerna | C51: Doble progresión | D51: Mancuernas (kg por mancuerna) | E51: 8 | F51: 15 | G51: 3 | H51: 2 | I51: 1 | J51: 10–12 | K51: 2 | L51: 5 | M51: 2–3 min | N51: Sustituto del jalón. Mismo rango (8–15).
B52: Bíceps con mancuernas | C52: Doble progresión | D52: Mancuernas (kg por mancuerna) | E52: 3 | F52: 8 | G52: 3 | H52: 2 | I52: 1 | J52: 5–6 | K52: 2 | L52: 5 | M52: 2–3 min | N52: Nunca <3 ni >8 reps.
B53: Salto vertical (CMJ) | C53: Potencia | D53: Peso corporal | E53: 3 | F53: 3 | G53: 4 | H53: 0 | I53: Lejos del fallo | J53: — | K53: 3 | M53: 90–120 s | N53: Máxima altura en cada salto.
B54: Press banca dinámico | C54: Potencia | D54: Barra | E54: 3 | F54: 3 | G54: 5 | H54: 2 | I54: ≥4 | J54: — | K54: 3 | M54: 90–120 s | N54: Máxima velocidad concéntrica.
B55: Sentadilla dinámica | C55: Potencia | D55: Barra | E55: 2 | F55: 2 | G55: 5 | H55: 2 | I55: ≥5 | J55: — | K55: 3 | M55: 2 min | N55: Máxima velocidad concéntrica.
B56: Movilidad | C56: Movilidad | D56: — | H56: 0 | I56: — | J56: — | K56: 3 | M56: — | N56: 15–20 min el miércoles.
B58: C) REGLAS DE AJUSTE (resumen; detalle completo en INSTRUCCIONES PARA IA)
B59: Bilbo | C59: Cada sesión: +1 incremento. Las reps bajan. Ciclo termina ≈15 reps. Nuevo ciclo con carga inicial > inicial anterior.
B60: Post-Bilbo % | C60: 3 series >12 reps @RIR1 → +paso · dentro de 8–12 → mantener · alguna <8 → −paso · caída anormal → no subir.
B61: Doble progresión | C61: Misma carga hasta completar todas las series en el tope del rango con buena técnica → subir carga y volver a 'Reps tras subir carga'.
B62: Potencia | C62: Subir carga solo si todas las series se calificaron velocidad A. Alguna C → bajar carga o volumen o terminar.
B63: Fatiga | C63: No subir automáticamente si hay caída anormal, RIR menor al objetivo o técnica peor. No cambios drásticos por una sesión aislada.

Sheet PLAN SEMANAL
A1: PLAN SEMANAL — estructura fija (no modificar sin autorización)
A2: La columna 'Clave' la usa SESIÓN ACTUAL. El tirón vertical del martes/viernes sigue lo indicado en CONFIGURACIÓN.
A4: Clave | B4: Día | C4: Línea | D4: Sesión | E4: Ejercicio | F4: Tipo de trabajo | G4: Series | H4: Reps / rango | I4: RIR | J4: Descanso | K4: 2 series aproximación | L4: Notas
A5: =B5&"|"&C5 -> LUNES|1 | B5: LUNES | C5: 1 | D5: EMPUJE | E5: Press banca | F5: Bilbo | G5: 1 | H5: Máx. con intención explosiva (≈15–50), sin fallo absoluto | I5: No se pide | J5: 3–5 min antes de las post | K5: Sí | L5: Serie protagonista.
A6: =B6&"|"&C6 -> LUNES|2 | B6: LUNES | C6: 2 | D6: EMPUJE | E6: Press banca | F6: Post-Bilbo | G6: 3 | H6: 8–12 | I6: 1 | J6: 2–4 min | K6: No | L6: Peso = Bilbo × (1+%).
A7: =B7&"|"&C7 -> LUNES|3 | B7: LUNES | C7: 3 | D7: EMPUJE | E7: Press militar | F7: Bilbo | G7: 1 | H7: Máx. con intención explosiva (≈15–50), sin fallo absoluto | I7: No se pide | J7: 3–5 min antes de las post | K7: Sí
A8: =B8&"|"&C8 -> LUNES|4 | B8: LUNES | C8: 4 | D8: EMPUJE | E8: Press militar | F8: Post-Bilbo | G8: 3 | H8: 8–12 | I8: 1 | J8: 2–4 min | K8: No
A9: =B9&"|"&C9 -> LUNES|5 | B9: LUNES | C9: 5 | D9: EMPUJE | E9: Press inclinado con mancuernas | F9: Trabajo | G9: 3 | H9: 6–10 | I9: 1 | J9: 2–3 min | K9: No | L9: Doble progresión.
A10: =B10&"|"&C10 -> LUNES|6 | B10: LUNES | C10: 6 | D10: EMPUJE | E10: Tríceps en polea alta | F10: Trabajo | G10: 3 | H10: 3–8 | I10: 1 | J10: 2–3 min | K10: No | L10: Doble progresión.
A11: =B11&"|"&C11 -> LUNES|7 | B11: LUNES | C11: 7 | D11: EMPUJE | E11: Elevaciones laterales | F11: Trabajo | G11: 3 | H11: 10–20 | I11: 1 | J11: 1,5–2 min | K11: No | L11: Doble progresión.
A12: =B12&"|"&C12 -> MARTES|1 | B12: MARTES | C12: 1 | D12: TIRÓN + PIERNA | E12: Remo bajo en polea | F12: Bilbo | G12: 1 | H12: Máx. con intención explosiva (≈15–50), sin fallo absoluto | I12: No se pide | J12: 3–5 min antes de las post | K12: Sí
A13: =B13&"|"&C13 -> MARTES|2 | B13: MARTES | C13: 2 | D13: TIRÓN + PIERNA | E13: Remo bajo en polea | F13: Post-Bilbo | G13: 3 | H13: 8–12 | I13: 1 | J13: 2–4 min | K13: No
A14: =B14&"|"&C14 -> MARTES|3 | B14: MARTES | C14: 3 | D14: TIRÓN + PIERNA | E14: Sentadilla | F14: Trabajo | G14: 3 | H14: 3–8 | I14: 1–2 | J14: 3–4 min | K14: Sí | L14: Doble progresión. Nunca <3 ni >8.
A15: =B15&"|"&C15 -> MARTES|4 | B15: MARTES | C15: 4 | D15: TIRÓN + PIERNA | E15: =CONFIGURACIÓN!$C$29 -> Jalón al pecho | F15: Trabajo | G15: 3 | H15: 8–15 | I15: 1 | J15: 2–3 min | K15: No | L15: Jalón al pecho O remo unilateral (CONFIGURACIÓN).
A16: =B16&"|"&C16 -> MARTES|5 | B16: MARTES | C16: 5 | D16: TIRÓN + PIERNA | E16: Bíceps con mancuernas | F16: Trabajo | G16: 3 | H16: 3–8 | I16: 1 | J16: 2–3 min | K16: No | L16: Doble progresión.
A17: =B17&"|"&C17 -> MIÉRCOLES|1 | B17: MIÉRCOLES | C17: 1 | D17: MOVILIDAD + POTENCIA | E17: Movilidad | F17: Movilidad | G17: 1 | H17: 15–20 min | I17: — | J17: — | K17: No | L17: Ver CONFIGURACIÓN: movilidad miércoles.
A18: =B18&"|"&C18 -> MIÉRCOLES|2 | B18: MIÉRCOLES | C18: 2 | D18: MOVILIDAD + POTENCIA | E18: Salto vertical (CMJ) | F18: Potencia | G18: 4 | H18: 3 saltos | I18: Lejos del fallo | J18: 90–120 s | K18: No | L18: Máxima altura; reset entre saltos.
A19: =B19&"|"&C19 -> MIÉRCOLES|3 | B19: MIÉRCOLES | C19: 3 | D19: MOVILIDAD + POTENCIA | E19: Press banca dinámico | F19: Potencia | G19: 5 | H19: 3 reps a máxima velocidad | I19: ≥4 | J19: 90–120 s | K19: Sí | L19: Parar si la velocidad cae (calificar A/B/C).
A20: =B20&"|"&C20 -> MIÉRCOLES|4 | B20: MIÉRCOLES | C20: 4 | D20: MOVILIDAD + POTENCIA | E20: Sentadilla dinámica | F20: Potencia | G20: 5 | H20: 2 reps a máxima velocidad | I20: ≥5 | J20: 2 min | K20: Sí | L20: Parar si la velocidad cae (calificar A/B/C).
A21: =B21&"|"&C21 -> JUEVES|1 | B21: JUEVES | C21: 1 | D21: EMPUJE | E21: Press banca | F21: Bilbo | G21: 1 | H21: Máx. con intención explosiva (≈15–50), sin fallo absoluto | I21: No se pide | J21: 3–5 min antes de las post | K21: Sí | L21: Serie protagonista.
A22: =B22&"|"&C22 -> JUEVES|2 | B22: JUEVES | C22: 2 | D22: EMPUJE | E22: Press banca | F22: Post-Bilbo | G22: 3 | H22: 8–12 | I22: 1 | J22: 2–4 min | K22: No | L22: Peso = Bilbo × (1+%).
A23: =B23&"|"&C23 -> JUEVES|3 | B23: JUEVES | C23: 3 | D23: EMPUJE | E23: Press militar | F23: Bilbo | G23: 1 | H23: Máx. con intención explosiva (≈15–50), sin fallo absoluto | I23: No se pide | J23: 3–5 min antes de las post | K23: Sí
A24: =B24&"|"&C24 -> JUEVES|4 | B24: JUEVES | C24: 4 | D24: EMPUJE | E24: Press militar | F24: Post-Bilbo | G24: 3 | H24: 8–12 | I24: 1 | J24: 2–4 min | K24: No
A25: =B25&"|"&C25 -> JUEVES|5 | B25: JUEVES | C25: 5 | D25: EMPUJE | E25: Press inclinado con mancuernas | F25: Trabajo | G25: 3 | H25: 6–10 | I25: 1 | J25: 2–3 min | K25: No | L25: Doble progresión.
A26: =B26&"|"&C26 -> JUEVES|6 | B26: JUEVES | C26: 6 | D26: EMPUJE | E26: Tríceps en polea alta | F26: Trabajo | G26: 3 | H26: 3–8 | I26: 1 | J26: 2–3 min | K26: No | L26: Doble progresión.
A27: =B27&"|"&C27 -> JUEVES|7 | B27: JUEVES | C27: 7 | D27: EMPUJE | E27: Trapecio | F27: Trabajo | G27: 3 | H27: 8–15 | I27: 1 | J27: 1,5–2 min | K27: No | L27: Doble progresión.
A28: =B28&"|"&C28 -> VIERNES|1 | B28: VIERNES | C28: 1 | D28: TIRÓN + PIERNA | E28: Remo bajo en polea | F28: Bilbo | G28: 1 | H28: Máx. con intención explosiva (≈15–50), sin fallo absoluto | I28: No se pide | J28: 3–5 min antes de las post | K28: Sí
A29: =B29&"|"&C29 -> VIERNES|2 | B29: VIERNES | C29: 2 | D29: TIRÓN + PIERNA | E29: Remo bajo en polea | F29: Post-Bilbo | G29: 3 | H29: 8–12 | I29: 1 | J29: 2–4 min | K29: No
A30: =B30&"|"&C30 -> VIERNES|3 | B30: VIERNES | C30: 3 | D30: TIRÓN + PIERNA | E30: Sentadilla | F30: Trabajo | G30: 3 | H30: 3–8 | I30: 1–2 | J30: 3–4 min | K30: Sí | L30: Doble progresión. Nunca <3 ni >8.
A31: =B31&"|"&C31 -> VIERNES|4 | B31: VIERNES | C31: 4 | D31: TIRÓN + PIERNA | E31: =CONFIGURACIÓN!$C$29 -> Jalón al pecho | F31: Trabajo | G31: 3 | H31: 8–15 | I31: 1 | J31: 2–3 min | K31: No | L31: Jalón al pecho O remo unilateral (CONFIGURACIÓN).
A32: =B32&"|"&C32 -> VIERNES|5 | B32: VIERNES | C32: 5 | D32: TIRÓN + PIERNA | E32: Bíceps con mancuernas | F32: Trabajo | G32: 3 | H32: 3–8 | I32: 1 | J32: 2–3 min | K32: No | L32: Doble progresión.
A34: Antes de cada sesión: movilidad articular (5–8 min) + 2 series de aproximación en los ejercicios principales (columna K).
A35: Sin peso muerto. Sin accesorios nuevos, circuitos ni superseries salvo petición expresa del usuario.
A36: Bilbo solo en: Press banca, Press militar, Remo bajo en polea.

Sheet HISTORIAL
A1: HISTORIAL — registro permanente (NUNCA borrar ni sobrescribir filas)
A2: Una fila por serie. Añadir siempre en la primera fila con 'Fecha' vacía. Rellenar solo columnas amarillas; las grises son fórmulas.
A3: Ejemplo de formato (no es un dato real): 01/10/2026 | LUNES | Press banca | Bilbo | ciclo 1 | sesión 1 | serie 1 | 62 | 30 | (RIR vacío) | | reps est. 30 ... → siguientes filas: Press banca | Post-Bilbo | ciclo 1 | sesión 1 | serie 1..3 | 70 | 12/11/10 | RIR 1 | 15 %. Mancuernas: kg por mancuerna. CMJ: peso 0 = peso corporal.
A4: ID | B4: Fecha | C4: Día semana | D4: Día del plan | E4: Ejercicio | F4: Tipo de trabajo | G4: Ciclo Bilbo | H4: Sesión en ciclo | I4: Serie nº | J4: Peso (kg) | K4: Reps | L4: RIR | M4: % post-Bilbo | N4: Reps estimadas | O4: Peso prescrito (kg) | P4: Velocidad (A/B/C) | Q4: Dif. reps vs estimadas | R4: Volumen (kg×reps) | S4: e1RM ref. (≤12 reps) | T4: Índice Bilbo (comparativo) | U4: Observaciones / incidencias | V4: Próxima carga decidida (kg) | W4: Próxima sesión (fecha) | X4: Clave Bilbo (ejercicio|ciclo|sesión) | Y4: Nueva sesión (fecha distinta a la fila anterior)
A5: =IF(B5="","",ROW()-4) | C5: =IF(B5="","",CHOOSE(WEEKDAY(B5,2),"LUNES","MARTES","MIÉRCOLES","JUEVES","VIERNES","SÁBADO","DOMINGO")) | Q5: =IF(OR(K5="",N5=""),"",K5-N5) | R5: =IF(OR(J5="",K5=""),"",J5*K5) | S5: =IF(AND(ISNUMBER(J5),ISNUMBER(K5),F5<>"Calentamiento",F5<>"Bilbo"),IF(AND(K5>0,K5<=12),ROUND(J5*(1+(K5+IF(ISNUMBER(L5),L5,0))/30),1),""),"") | T5: =IF(AND(F5="Bilbo",ISNUMBER(J5),ISNUMBER(K5)),ROUND(J5*(1+K5/30),1),"") | X5: =IF(AND(F5="Bilbo",E5<>"",G5<>"",H5<>""),E5&"|"&G5&"|"&H5,"") | Y5: =IF(B5="","",IF(B5<>0,1,0))
A6: =IF(B6="","",ROW()-4) | C6: =IF(B6="","",CHOOSE(WEEKDAY(B6,2),"LUNES","MARTES","MIÉRCOLES","JUEVES","VIERNES","SÁBADO","DOMINGO")) | Q6: =IF(OR(K6="",N6=""),"",K6-N6) | R6: =IF(OR(J6="",K6=""),"",J6*K6) | S6: =IF(AND(ISNUMBER(J6),ISNUMBER(K6),F6<>"Calentamiento",F6<>"Bilbo"),IF(AND(K6>0,K6<=12),ROUND(J6*(1+(K6+IF(ISNUMBER(L6),L6,0))/30),1),""),"") | T6: =IF(AND(F6="Bilbo",ISNUMBER(J6),ISNUMBER(K6)),ROUND(J6*(1+K6/30),1),"") | X6: =IF(AND(F6="Bilbo",E6<>"",G6<>"",H6<>""),E6&"|"&G6&"|"&H6,"") | Y6: =IF(B6="","",IF(B6<>B5,1,0))
A7: =IF(B7="","",ROW()-4) | C7: =IF(B7="","",CHOOSE(WEEKDAY(B7,2),"LUNES","MARTES","MIÉRCOLES","JUEVES","VIERNES","SÁBADO","DOMINGO")) | Q7: =IF(OR(K7="",N7=""),"",K7-N7) | R7: =IF(OR(J7="",K7=""),"",J7*K7) | S7: =IF(AND(ISNUMBER(J7),ISNUMBER(K7),F7<>"Calentamiento",F7<>"Bilbo"),IF(AND(K7>0,K7<=12),ROUND(J7*(1+(K7+IF(ISNUMBER(L7),L7,0))/30),1),""),"") | T7: =IF(AND(F7="Bilbo",ISNUMBER(J7),ISNUMBER(K7)),ROUND(J7*(1+K7/30),1),"") | X7: =IF(AND(F7="Bilbo",E7<>"",G7<>"",H7<>""),E7&"|"&G7&"|"&H7,"") | Y7: =IF(B7="","",IF(B7<>B6,1,0))
A8: =IF(B8="","",ROW()-4) | C8: =IF(B8="","",CHOOSE(WEEKDAY(B8,2),"LUNES","MARTES","MIÉRCOLES","JUEVES","VIERNES","SÁBADO","DOMINGO")) | Q8: =IF(OR(K8="",N8=""),"",K8-N8) | R8: =IF(OR(J8="",K8=""),"",J8*K8) | S8: =IF(AND(ISNUMBER(J8),ISNUMBER(K8),F8<>"Calentamiento",F8<>"Bilbo"),IF(AND(K8>0,K8<=12),ROUND(J8*(1+(K8+IF(ISNUMBER(L8),L8,0))/30),1),""),"") | T8: =IF(AND(F8="Bilbo",ISNUMBER(J8),ISNUMBER(K8)),ROUND(J8*(1+K8/30),1),"") | X8: =IF(AND(F8="Bilbo",E8<>"",G8<>"",H8<>""),E8&"|"&G8&"|"&H8,"") | Y8: =IF(B8="","",IF(B8<>B7,1,0))
A9: =IF(B9="","",ROW()-4) | C9: =IF(B9="","",CHOOSE(WEEKDAY(B9,2),"LUNES","MARTES","MIÉRCOLES","JUEVES","VIERNES","SÁBADO","DOMINGO")) | Q9: =IF(OR(K9="",N9=""),"",K9-N9) | R9: =IF(OR(J9="",K9=""),"",J9*K9) | S9: =IF(AND(ISNUMBER(J9),ISNUMBER(K9),F9<>"Calentamiento",F9<>"Bilbo"),IF(AND(K9>0,K9<=12),ROUND(J9*(1+(K9+IF(ISNUMBER(L9),L9,0))/30),1),""),"") | T9: =IF(AND(F9="Bilbo",ISNUMBER(J9),ISNUMBER(K9)),ROUND(J9*(1+K9/30),1),"") | X9: =IF(AND(F9="Bilbo",E9<>"",G9<>"",H9<>""),E9&"|"&G9&"|"&H9,"") | Y9: =IF(B9="","",IF(B9<>B8,1,0))
A10: =IF(B10="","",ROW()-4) | C10: =IF(B10="","",CHOOSE(WEEKDAY(B10,2),"LUNES","MARTES","MIÉRCOLES","JUEVES","VIERNES","SÁBADO","DOMINGO")) | Q10: =IF(OR(K10="",N10=""),"",K10-N10) | R10: =IF(OR(J10="",K10=""),"",J10*K10) | S10: =IF(AND(ISNUMBER(J10),ISNUMBER(K10),F10<>"Calentamiento",F10<>"Bilbo"),IF(AND(K10>0,K10<=12),ROUND(J10*(1+(K10+IF(ISNUMBER(L10),L10,0))/30),1),""),"") | T10: =IF(AND(F10="Bilbo",ISNUMBER(J10),ISNUMBER(K10)),ROUND(J10*(1+K10/30),1),"") | X10: =IF(AND(F10="Bilbo",E10<>"",G10<>"",H10<>""),E10&"|"&G10&"|"&H10,"") | Y10: =IF(B10="","",IF(B10<>B9,1,0))
A11: =IF(B11="","",ROW()-4) | C11: =IF(B11="","",CHOOSE(WEEKDAY(B11,2),"LUNES","MARTES","MIÉRCOLES","JUEVES","VIERNES","SÁBADO","DOMINGO")) | Q11: =IF(OR(K11="",N11=""),"",K11-N11) | R11: =IF(OR(J11="",K11=""),"",J11*K11) | S11: =IF(AND(ISNUMBER(J11),ISNUMBER(K11),F11<>"Calentamiento",F11<>"Bilbo"),IF(AND(K11>0,K11<=12),ROUND(J11*(1+(K11+IF(ISNUMBER(L11),L11,0))/30),1),""),"") | T11: =IF(AND(F11="Bilbo",ISNUMBER(J11),ISNUMBER(K11)),ROUND(J11*(1+K11/30),1),"") | X11: =IF(AND(F11="Bilbo",E11<>"",G11<>"",H11<>""),E11&"|"&G11&"|"&H11,"") | Y11: =IF(B11="","",IF(B11<>B10,1,0))
A12: =IF(B12="","",ROW()-4) | C12: =IF(B12="","",CHOOSE(WEEKDAY(B12,2),"LUNES","MARTES","MIÉRCOLES","JUEVES","VIERNES","SÁBADO","DOMINGO")) | Q12: =IF(OR(K12="",N12=""),"",K12-N12) | R12: =IF(OR(J12="",K12=""),"",J12*K12) | S12: =IF(AND(ISNUMBER(J12),ISNUMBER(K12),F12<>"Calentamiento",F12<>"Bilbo"),IF(AND(K12>0,K12<=12),ROUND(J12*(1+(K12+IF(ISNUMBER(L12),L12,0))/30),1),""),"") | T12: =IF(AND(F12="Bilbo",ISNUMBER(J12),ISNUMBER(K12)),ROUND(J12*(1+K12/30),1),"") | X12: =IF(AND(F12="Bilbo",E12<>"",G12<>"",H12<>""),E12&"|"&G12&"|"&H12,"") | Y12: =IF(B12="","",IF(B12<>B11,1,0))
A13: =IF(B13="","",ROW()-4) | C13: =IF(B13="","",CHOOSE(WEEKDAY(B13,2),"LUNES","MARTES","MIÉRCOLES","JUEVES","VIERNES","SÁBADO","DOMINGO")) | Q13: =IF(OR(K13="",N13=""),"",K13-N13) | R13: =IF(OR(J13="",K13=""),"",J13*K13) | S13: =IF(AND(ISNUMBER(J13),ISNUMBER(K13),F13<>"Calentamiento",F13<>"Bilbo"),IF(AND(K13>0,K13<=12),ROUND(J13*(1+(K13+IF(ISNUMBER(L13),L13,0))/30),1),""),"") | T13: =IF(AND(F13="Bilbo",ISNUMBER(J13),ISNUMBER(K13)),ROUND(J13*(1+K13/30),1),"") | X13: =IF(AND(F13="Bilbo",E13<>"",G13<>"",H13<>""),E13&"|"&G13&"|"&H13,"") | Y13: =IF(B13="","",IF(B13<>B12,1,0))
A14: =IF(B14="","",ROW()-4) | C14: =IF(B14="","",CHOOSE(WEEKDAY(B14,2),"LUNES","MARTES","MIÉRCOLES","JUEVES","VIERNES","SÁBADO","DOMINGO")) | Q14: =IF(OR(K14="",N14=""),"",K14-N14) | R14: =IF(OR(J14="",K14=""),"",J14*K14) | S14: =IF(AND(ISNUMBER(J14),ISNUMBER(K14),F14<>"Calentamiento",F14<>"Bilbo"),IF(AND(K14>0,K14<=12),ROUND(J14*(1+(K14+IF(ISNUMBER(L14),L14,0))/30),1),""),"") | T14: =IF(AND(F14="Bilbo",ISNUMBER(J14),ISNUMBER(K14)),ROUND(J14*(1+K14/30),1),"") | X14: =IF(AND(F14="Bilbo",E14<>"",G14<>"",H14<>""),E14&"|"&G14&"|"&H14,"") | Y14: =IF(B14="","",IF(B14<>B13,1,0))
A15: =IF(B15="","",ROW()-4) | C15: =IF(B15="","",CHOOSE(WEEKDAY(B15,2),"LUNES","MARTES","MIÉRCOLES","JUEVES","VIERNES","SÁBADO","DOMINGO")) | Q15: =IF(OR(K15="",N15=""),"",K15-N15) | R15: =IF(OR(J15="",K15=""),"",J15*K15) | S15: =IF(AND(ISNUMBER(J15),ISNUMBER(K15),F15<>"Calentamiento",F15<>"Bilbo"),IF(AND(K15>0,K15<=12),ROUND(J15*(1+(K15+IF(ISNUMBER(L15),L15,0))/30),1),""),"") | T15: =IF(AND(F15="Bilbo",ISNUMBER(J15),ISNUMBER(K15)),ROUND(J15*(1+K15/30),1),"") | X15: =IF(AND(F15="Bilbo",E15<>"",G15<>"",H15<>""),E15&"|"&G15&"|"&H15,"") | Y15: =IF(B15="","",IF(B15<>B14,1,0))
A16: =IF(B16="","",ROW()-4) | C16: =IF(B16="","",CHOOSE(WEEKDAY(B16,2),"LUNES","MARTES","MIÉRCOLES","JUEVES","VIERNES","SÁBADO","DOMINGO")) | Q16: =IF(OR(K16="",N16=""),"",K16-N16) | R16: =IF(OR(J16="",K16=""),"",J16*K16) | S16: =IF(AND(ISNUMBER(J16),ISNUMBER(K16),F16<>"Calentamiento",F16<>"Bilbo"),IF(AND(K16>0,K16<=12),ROUND(J16*(1+(K16+IF(ISNUMBER(L16),L16,0))/30),1),""),"") | T16: =IF(AND(F16="Bilbo",ISNUMBER(J16),ISNUMBER(K16)),ROUND(J16*(1+K16/30),1),"") | X16: =IF(AND(F16="Bilbo",E16<>"",G16<>"",H16<>""),E16&"|"&G16&"|"&H16,"") | Y16: =IF(B16="","",IF(B16<>B15,1,0))
A17: =IF(B17="","",ROW()-4) | C17: =IF(B17="","",CHOOSE(WEEKDAY(B17,2),"LUNES","MARTES","MIÉRCOLES","JUEVES","VIERNES","SÁBADO","DOMINGO")) | Q17: =IF(OR(K17="",N17=""),"",K17-N17) | R17: =IF(OR(J17="",K17=""),"",J17*K17) | S17: =IF(AND(ISNUMBER(J17),ISNUMBER(K17),F17<>"Calentamiento",F17<>"Bilbo"),IF(AND(K17>0,K17<=12),ROUND(J17*(1+(K17+IF(ISNUMBER(L17),L17,0))/30),1),""),"") | T17: =IF(AND(F17="Bilbo",ISNUMBER(J17),ISNUMBER(K17)),ROUND(J17*(1+K17/30),1),"") | X17: =IF(AND(F17="Bilbo",E17<>"",G17<>"",H17<>""),E17&"|"&G17&"|"&H17,"") | Y17: =IF(B17="","",IF(B17<>B16,1,0))
... A2004: =IF(B2004="","",ROW()-4) | C2004: =IF(B2004="","",CHOOSE(WEEKDAY(B2004,2),"LUNES","MARTES","MIÉRCOLES","JUEVES","VIERNES","SÁBADO","DOMINGO")) | Q2004: =IF(OR(K2004="",N2004=""),"",K2004-N2004) | R2004: =IF(OR(J2004="",K2004=""),"",J2004*K2004) | S2004: =IF(AND(ISNUMBER(J2004),ISNUMBER(K2004),F2004<>"Calentamiento",F2004<>"Bilbo"),IF(AND(K2004>0,K2004<=12),ROUND(J2004*(1+(K2004+IF(ISNUMBER(L2004),L2004,0))/30),1),""),"") | T2004: =IF(AND(F2004="Bilbo",ISNUMBER(J2004),ISNUMBER(K2004)),ROUND(J2004*(1+K2004/30),1),"") | X2004: =IF(AND(F2004="Bilbo",E2004<>"",G2004<>"",H2004<>""),E2004&"|"&G2004&"|"&H2004,"") | Y2004: =IF(B2004="","",IF(B2004<>B2003,1,0))

Sheet ESTADO ACTUAL
A1: ESTADO ACTUAL — situación vigente de los ejercicios Bilbo (SE ACTUALIZA)
A2: Las columnas de decisión (amarillas) las rellena la IA tras cada sesión. El resto se calcula desde HISTORIAL y CONFIGURACIÓN.
A3: Leyenda: celdas AMARILLAS con texto AZUL = entrada/decisión (se editan). Celdas GRISES = fórmula (no tocar). Texto VERDE = vínculo a otra hoja (no tocar).
A4: EJERCICIO / CICLO | F4: DATOS DEL CICLO Y ÚLTIMA SESIÓN (HISTORIAL) | N4: PRÓXIMA SESIÓN BILBO | U4: POST-BILBO (3×8–12 @RIR1) | AG4: NOTAS / AUXILIARES
A5: Ejercicio | B5: Incremento (kg) | C5: Ciclo actual (DECISIÓN) | D5: Sesiones Bilbo hechas en el ciclo | E5: Posición próxima sesión | F5: Carga inicial del ciclo | G5: Reps iniciales del ciclo | H5: Fecha último Bilbo | I5: Último peso Bilbo | J5: Últimas reps Bilbo | K5: Reps estimadas (última) | L5: Dif. real − estimada | M5: Caída reps/kg (modelo) | N5: Próximo peso Bilbo SUGERIDO (fórmula) | O5: Próximo peso Bilbo DECISIÓN | P5: Reps esperadas (modelo) | Q5: Reps esperadas AJUSTE IA (opcional) | R5: Reps esperadas FINAL | S5: Estado del ciclo | T5: Fecha próxima sesión | U5: % post usado última sesión | V5: Fecha último post-Bilbo | W5: Peso post último | X5: Post S1 reps | Y5: Post S2 reps | Z5: Post S3 reps | AA5: RIR mín post | AB5: Último resultado post | AC5: Evaluación post (regla %) | AD5: % post SUGERIDO | AE5: % post próxima DECISIÓN | AF5: Peso post-Bilbo próxima (3×8–12 @RIR1) | AG5: Observaciones | AH5: aux: ID último Bilbo | AI5: aux: ID 1er Bilbo del ciclo | AJ5: aux: ID último post
A6: Press banca | B6: =INDEX(CONFIGURACIÓN!$H$42:$H$56,MATCH(A6,CONFIGURACIÓN!$B$42:$B$56,0)) -> 2 | C6: 1 | D6: =COUNTIFS(HISTORIAL!$E$5:$E$2004,A6,HISTORIAL!$F$5:$F$2004,"Bilbo",HISTORIAL!$G$5:$G$2004,C6) -> 0 | E6: ="Ciclo "&C6&" · sesión "&(D6+1) -> Ciclo 1 · sesión 1 | F6: =IF(AI6=0,"",INDEX(HISTORIAL!$J$5:$J$2004,AI6)) | G6: =IF(AI6=0,"",INDEX(HISTORIAL!$K$5:$K$2004,AI6)) | H6: =IF(AH6=0,"",INDEX(HISTORIAL!$B$5:$B$2004,AH6)) | I6: =IF(AH6=0,"",INDEX(HISTORIAL!$J$5:$J$2004,AH6)) | J6: =IF(AH6=0,"",INDEX(HISTORIAL!$K$5:$K$2004,AH6)) | K6: =IF(AH6=0,"",IF(INDEX(HISTORIAL!$N$5:$N$2004,AH6)="","",INDEX(HISTORIAL!$N$5:$N$2004,AH6))) | L6: =IF(OR(J6="",K6=""),"",J6-K6) | M6: =IF(AND(D6>=2,ISNUMBER(F6),ISNUMBER(I6),ISNUMBER(G6),ISNUMBER(J6)),IF(I6<>F6,MAX(CONFIGURACIÓN!$C$15,ROUND((G6-J6)/(I6-F6),2)),CONFIGURACIÓN!$C$14),CONFIGURACIÓN!$C$14) -> 1.5 | N6: =IF(I6="","CALIBRAR",IF(D6=0,"Inicio ciclo "&C6&": usar DECISIÓN",IF(J6<=CONFIGURACIÓN!$C$11,MAX(F6+B6,-INT(-F6*(1+CONFIGURACIÓN!$C$17)/B6)*B6),IF(AND(ISNUMBER(L6),L6<=-CONFIGURACIÓN!$C$18),I6,I6+B6)))) -> CALIBRAR | P6: =IF(NOT(ISNUMBER(O6)),"",IF(NOT(ISNUMBER(I6)),"30–40 (calibración)",MAX(1,ROUND(J6-M6*(O6-I6),0)))) | R6: =IF(Q6<>"",Q6,P6) | S6: =IF(I6="","SIN DATOS · sesión de calibración",IF(D6=0,"NUEVO CICLO "&C6&" PREPARADO",IF(J6<=CONFIGURACIÓN!$C$11,"CICLO TERMINADO · cerrar ciclo "&C6&" e iniciar ciclo "&(C6+1),IF(AND(ISNUMBER(L6),L6<=-CONFIGURACIÓN!$C$18),"RENDIMIENTO BAJO · analizar fatiga (no subir automáticamente)",IF(AND(ISNUMBER(R6),R6<=CONFIGURACIÓN!$C$11),"ÚLTIMA SESIÓN DEL CICLO PROBABLE",IF(J6<=CONFIGURACIÓN!$C$13,"PRÓXIMO A TERMINAR","EN PROGRESIÓN")))))) -> SIN DATOS · sesión de calibración | T6: =IF(ISNUMBER(INDEX(CONFIGURACIÓN!$K$42:$K$56,MATCH(A6,CONFIGURACIÓN!$B$42:$B$56,0))),IF(WEEKDAY(MAX(IF(ISNUMBER(H6),H6,0),TODAY()-1),2)<INDEX(CONFIGURACIÓN!$K$42:$K$56,MATCH(A6,CONFIGURACIÓN!$B$42:$B$56,0)),MAX(IF(ISNUMBER(H6),H6,0),TODAY()-1)+INDEX(CONFIGURACIÓN!$K$42:$K$56,MATCH(A6,CONFIGURACIÓN!$B$42:$B$56,0))-WEEKDAY(MAX(IF(ISNUMBER(H6),H6,0),TODAY()-1),2),IF(WEEKDAY(MAX(IF(ISNUMBER(H6),H6,0),TODAY()-1),2)<IF(ISNUMBER(INDEX(CONFIGURACIÓN!$L$42:$L$56,MATCH(A6,CONFIGURACIÓN!$B$42:$B$56,0))),INDEX(CONFIGURACIÓN!$L$42:$L$56,MATCH(A6,CONFIGURACIÓN!$B$42:$B$56,0)),INDEX(CONFIGURACIÓN!$K$42:$K$56,MATCH(A6,CONFIGURACIÓN!$B$42:$B$56,0))),MAX(IF(ISNUMBER(H6),H6,0),TODAY()-1)+IF(ISNUMBER(INDEX(CONFIGURACIÓN!$L$42:$L$56,MATCH(A6,CONFIGURACIÓN!$B$42:$B$56,0))),INDEX(CONFIGURACIÓN!$L$42:$L$56,MATCH(A6,CONFIGURACIÓN!$B$42:$B$56,0)),INDEX(CONFIGURACIÓN!$K$42:$K$56,MATCH(A6,CONFIGURACIÓN!$B$42:$B$56,0)))-WEEKDAY(MAX(IF(ISNUMBER(H6),H6,0),TODAY()-1),2),MAX(IF(ISNUMBER(H6),H6,0),TODAY()-1)+7-WEEKDAY(MAX(IF(ISNUMBER(H6),H6,0),TODAY()-1),2)+INDEX(CONFIGURACIÓN!$K$42:$K$56,MATCH(A6,CONFIGURACIÓN!$B$42:$B$56,0)))),"") -> 46293 | U6: =IF(AJ6=0,"",INDEX(HISTORIAL!$M$5:$M$2004,AJ6)) | V6: =IF(AJ6=0,"",INDEX(HISTORIAL!$B$5:$B$2004,AJ6)) | W6: =IF(AJ6=0,"",INDEX(HISTORIAL!$J$5:$J$2004,AJ6)) | X6: =IF(V6="","",SUMIFS(HISTORIAL!$K$5:$K$2004,HISTORIAL!$E$5:$E$2004,A6,HISTORIAL!$F$5:$F$2004,"Post-Bilbo",HISTORIAL!$B$5:$B$2004,V6,HISTORIAL!$I$5:$I$2004,1)) | Y6: =IF(V6="","",SUMIFS(HISTORIAL!$K$5:$K$2004,HISTORIAL!$E$5:$E$2004,A6,HISTORIAL!$F$5:$F$2004,"Post-Bilbo",HISTORIAL!$B$5:$B$2004,V6,HISTORIAL!$I$5:$I$2004,2)) | Z6: =IF(V6="","",SUMIFS(HISTORIAL!$K$5:$K$2004,HISTORIAL!$E$5:$E$2004,A6,HISTORIAL!$F$5:$F$2004,"Post-Bilbo",HISTORIAL!$B$5:$B$2004,V6,HISTORIAL!$I$5:$I$2004,3)) | AA6: =IF(V6="","",_xlfn.MINIFS(HISTORIAL!$L$5:$L$2004,HISTORIAL!$E$5:$E$2004,A6,HISTORIAL!$F$5:$F$2004,"Post-Bilbo",HISTORIAL!$B$5:$B$2004,V6)) | AB6: =IF(V6="","",W6&" kg × "&X6&" / "&Y6&" / "&Z6&" @RIR≥"&AA6) | AC6: =IF(V6="","SIN DATOS",IF(MIN(X6:Z6)<CONFIGURACIÓN!$C$20,"BAJAR %",IF(MIN(X6:Z6)>CONFIGURACIÓN!$C$21,"SUBIR %",IF(X6-Z6>=CONFIGURACIÓN!$C$27,"MANTENER · caída alta entre series","MANTENER")))) -> SIN DATOS | AD6: =IF(NOT(ISNUMBER(U6)),CONFIGURACIÓN!$C$23,MIN(CONFIGURACIÓN!$C$26,MAX(CONFIGURACIÓN!$C$25,U6+IF(AC6="SUBIR %",CONFIGURACIÓN!$C$24,IF(AC6="BAJAR %",-CONFIGURACIÓN!$C$24,0))))) -> 0.15 | AE6: 0.15 | AF6: =IF(AND(ISNUMBER(O6),ISNUMBER(AE6)),IF(CONFIGURACIÓN!$C$9="ABAJO",INT((O6*(1+AE6))/(B6))*(B6),IF(CONFIGURACIÓN!$C$9="ARRIBA",-INT(-(O6*(1+AE6))/(B6))*(B6),ROUND((O6*(1+AE6))/(B6),0)*(B6))),"") | AG6: Sin datos todavía. Primera sesión = calibración (ver INSTRUCCIONES §21). | AH6: =_xlfn.MAXIFS(HISTORIAL!$A$5:$A$2004,HISTORIAL!$E$5:$E$2004,A6,HISTORIAL!$F$5:$F$2004,"Bilbo") -> 0 | AI6: =_xlfn.MINIFS(HISTORIAL!$A$5:$A$2004,HISTORIAL!$E$5:$E$2004,A6,HISTORIAL!$F$5:$F$2004,"Bilbo",HISTORIAL!$G$5:$G$2004,C6) -> 0 | AJ6: =_xlfn.MAXIFS(HISTORIAL!$A$5:$A$2004,HISTORIAL!$E$5:$E$2004,A6,HISTORIAL!$F$5:$F$2004,"Post-Bilbo") -> 0
A7: Press militar | B7: =INDEX(CONFIGURACIÓN!$H$42:$H$56,MATCH(A7,CONFIGURACIÓN!$B$42:$B$56,0)) -> 2 | C7: 1 | D7: =COUNTIFS(HISTORIAL!$E$5:$E$2004,A7,HISTORIAL!$F$5:$F$2004,"Bilbo",HISTORIAL!$G$5:$G$2004,C7) -> 0 | E7: ="Ciclo "&C7&" · sesión "&(D7+1) -> Ciclo 1 · sesión 1 | F7: =IF(AI7=0,"",INDEX(HISTORIAL!$J$5:$J$2004,AI7)) | G7: =IF(AI7=0,"",INDEX(HISTORIAL!$K$5:$K$2004,AI7)) | H7: =IF(AH7=0,"",INDEX(HISTORIAL!$B$5:$B$2004,AH7)) | I7: =IF(AH7=0,"",INDEX(HISTORIAL!$J$5:$J$2004,AH7)) | J7: =IF(AH7=0,"",INDEX(HISTORIAL!$K$5:$K$2004,AH7)) | K7: =IF(AH7=0,"",IF(INDEX(HISTORIAL!$N$5:$N$2004,AH7)="","",INDEX(HISTORIAL!$N$5:$N$2004,AH7))) | L7: =IF(OR(J7="",K7=""),"",J7-K7) | M7: =IF(AND(D7>=2,ISNUMBER(F7),ISNUMBER(I7),ISNUMBER(G7),ISNUMBER(J7)),IF(I7<>F7,MAX(CONFIGURACIÓN!$C$15,ROUND((G7-J7)/(I7-F7),2)),CONFIGURACIÓN!$C$14),CONFIGURACIÓN!$C$14) -> 1.5 | N7: =IF(I7="","CALIBRAR",IF(D7=0,"Inicio ciclo "&C7&": usar DECISIÓN",IF(J7<=CONFIGURACIÓN!$C$11,MAX(F7+B7,-INT(-F7*(1+CONFIGURACIÓN!$C$17)/B7)*B7),IF(AND(ISNUMBER(L7),L7<=-CONFIGURACIÓN!$C$18),I7,I7+B7)))) -> CALIBRAR | P7: =IF(NOT(ISNUMBER(O7)),"",IF(NOT(ISNUMBER(I7)),"30–40 (calibración)",MAX(1,ROUND(J7-M7*(O7-I7),0)))) | R7: =IF(Q7<>"",Q7,P7) | S7: =IF(I7="","SIN DATOS · sesión de calibración",IF(D7=0,"NUEVO CICLO "&C7&" PREPARADO",IF(J7<=CONFIGURACIÓN!$C$11,"CICLO TERMINADO · cerrar ciclo "&C7&" e iniciar ciclo "&(C7+1),IF(AND(ISNUMBER(L7),L7<=-CONFIGURACIÓN!$C$18),"RENDIMIENTO BAJO · analizar fatiga (no subir automáticamente)",IF(AND(ISNUMBER(R7),R7<=CONFIGURACIÓN!$C$11),"ÚLTIMA SESIÓN DEL CICLO PROBABLE",IF(J7<=CONFIGURACIÓN!$C$13,"PRÓXIMO A TERMINAR","EN PROGRESIÓN")))))) -> SIN DATOS · sesión de calibración | T7: =IF(ISNUMBER(INDEX(CONFIGURACIÓN!$K$42:$K$56,MATCH(A7,CONFIGURACIÓN!$B$42:$B$56,0))),IF(WEEKDAY(MAX(IF(ISNUMBER(H7),H7,0),TODAY()-1),2)<INDEX(CONFIGURACIÓN!$K$42:$K$56,MATCH(A7,CONFIGURACIÓN!$B$42:$B$56,0)),MAX(IF(ISNUMBER(H7),H7,0),TODAY()-1)+INDEX(CONFIGURACIÓN!$K$42:$K$56,MATCH(A7,CONFIGURACIÓN!$B$42:$B$56,0))-WEEKDAY(MAX(IF(ISNUMBER(H7),H7,0),TODAY()-1),2),IF(WEEKDAY(MAX(IF(ISNUMBER(H7),H7,0),TODAY()-1),2)<IF(ISNUMBER(INDEX(CONFIGURACIÓN!$L$42:$L$56,MATCH(A7,CONFIGURACIÓN!$B$42:$B$56,0))),INDEX(CONFIGURACIÓN!$L$42:$L$56,MATCH(A7,CONFIGURACIÓN!$B$42:$B$56,0)),INDEX(CONFIGURACIÓN!$K$42:$K$56,MATCH(A7,CONFIGURACIÓN!$B$42:$B$56,0))),MAX(IF(ISNUMBER(H7),H7,0),TODAY()-1)+IF(ISNUMBER(INDEX(CONFIGURACIÓN!$L$42:$L$56,MATCH(A7,CONFIGURACIÓN!$B$42:$B$56,0))),INDEX(CONFIGURACIÓN!$L$42:$L$56,MATCH(A7,CONFIGURACIÓN!$B$42:$B$56,0)),INDEX(CONFIGURACIÓN!$K$42:$K$56,MATCH(A7,CONFIGURACIÓN!$B$42:$B$56,0)))-WEEKDAY(MAX(IF(ISNUMBER(H7),H7,0),TODAY()-1),2),MAX(IF(ISNUMBER(H7),H7,0),TODAY()-1)+7-WEEKDAY(MAX(IF(ISNUMBER(H7),H7,0),TODAY()-1),2)+INDEX(CONFIGURACIÓN!$K$42:$K$56,MATCH(A7,CONFIGURACIÓN!$B$42:$B$56,0)))),"") -> 46293 | U7: =IF(AJ7=0,"",INDEX(HISTORIAL!$M$5:$M$2004,AJ7)) | V7: =IF(AJ7=0,"",INDEX(HISTORIAL!$B$5:$B$2004,AJ7)) | W7: =IF(AJ7=0,"",INDEX(HISTORIAL!$J$5:$J$2004,AJ7)) | X7: =IF(V7="","",SUMIFS(HISTORIAL!$K$5:$K$2004,HISTORIAL!$E$5:$E$2004,A7,HISTORIAL!$F$5:$F$2004,"Post-Bilbo",HISTORIAL!$B$5:$B$2004,V7,HISTORIAL!$I$5:$I$2004,1)) | Y7: =IF(V7="","",SUMIFS(HISTORIAL!$K$5:$K$2004,HISTORIAL!$E$5:$E$2004,A7,HISTORIAL!$F$5:$F$2004,"Post-Bilbo",HISTORIAL!$B$5:$B$2004,V7,HISTORIAL!$I$5:$I$2004,2)) | Z7: =IF(V7="","",SUMIFS(HISTORIAL!$K$5:$K$2004,HISTORIAL!$E$5:$E$2004,A7,HISTORIAL!$F$5:$F$2004,"Post-Bilbo",HISTORIAL!$B$5:$B$2004,V7,HISTORIAL!$I$5:$I$2004,3)) | AA7: =IF(V7="","",_xlfn.MINIFS(HISTORIAL!$L$5:$L$2004,HISTORIAL!$E$5:$E$2004,A7,HISTORIAL!$F$5:$F$2004,"Post-Bilbo",HISTORIAL!$B$5:$B$2004,V7)) | AB7: =IF(V7="","",W7&" kg × "&X7&" / "&Y7&" / "&Z7&" @RIR≥"&AA7) | AC7: =IF(V7="","SIN DATOS",IF(MIN(X7:Z7)<CONFIGURACIÓN!$C$20,"BAJAR %",IF(MIN(X7:Z7)>CONFIGURACIÓN!$C$21,"SUBIR %",IF(X7-Z7>=CONFIGURACIÓN!$C$27,"MANTENER · caída alta entre series","MANTENER")))) -> SIN DATOS | AD7: =IF(NOT(ISNUMBER(U7)),CONFIGURACIÓN!$C$23,MIN(CONFIGURACIÓN!$C$26,MAX(CONFIGURACIÓN!$C$25,U7+IF(AC7="SUBIR %",CONFIGURACIÓN!$C$24,IF(AC7="BAJAR %",-CONFIGURACIÓN!$C$24,0))))) -> 0.15 | AE7: 0.15 | AF7: =IF(AND(ISNUMBER(O7),ISNUMBER(AE7)),IF(CONFIGURACIÓN!$C$9="ABAJO",INT((O7*(1+AE7))/(B7))*(B7),IF(CONFIGURACIÓN!$C$9="ARRIBA",-INT(-(O7*(1+AE7))/(B7))*(B7),ROUND((O7*(1+AE7))/(B7),0)*(B7))),"") | AG7: Sin datos todavía. Primera sesión = calibración (ver INSTRUCCIONES §21). | AH7: =_xlfn.MAXIFS(HISTORIAL!$A$5:$A$2004,HISTORIAL!$E$5:$E$2004,A7,HISTORIAL!$F$5:$F$2004,"Bilbo") -> 0 | AI7: =_xlfn.MINIFS(HISTORIAL!$A$5:$A$2004,HISTORIAL!$E$5:$E$2004,A7,HISTORIAL!$F$5:$F$2004,"Bilbo",HISTORIAL!$G$5:$G$2004,C7) -> 0 | AJ7: =_xlfn.MAXIFS(HISTORIAL!$A$5:$A$2004,HISTORIAL!$E$5:$E$2004,A7,HISTORIAL!$F$5:$F$2004,"Post-Bilbo") -> 0
A8: Remo bajo en polea | B8: =INDEX(CONFIGURACIÓN!$H$42:$H$56,MATCH(A8,CONFIGURACIÓN!$B$42:$B$56,0)) -> 2 | C8: 1 | D8: =COUNTIFS(HISTORIAL!$E$5:$E$2004,A8,HISTORIAL!$F$5:$F$2004,"Bilbo",HISTORIAL!$G$5:$G$2004,C8) -> 0 | E8: ="Ciclo "&C8&" · sesión "&(D8+1) -> Ciclo 1 · sesión 1 | F8: =IF(AI8=0,"",INDEX(HISTORIAL!$J$5:$J$2004,AI8)) | G8: =IF(AI8=0,"",INDEX(HISTORIAL!$K$5:$K$2004,AI8)) | H8: =IF(AH8=0,"",INDEX(HISTORIAL!$B$5:$B$2004,AH8)) | I8: =IF(AH8=0,"",INDEX(HISTORIAL!$J$5:$J$2004,AH8)) | J8: =IF(AH8=0,"",INDEX(HISTORIAL!$K$5:$K$2004,AH8)) | K8: =IF(AH8=0,"",IF(INDEX(HISTORIAL!$N$5:$N$2004,AH8)="","",INDEX(HISTORIAL!$N$5:$N$2004,AH8))) | L8: =IF(OR(J8="",K8=""),"",J8-K8) | M8: =IF(AND(D8>=2,ISNUMBER(F8),ISNUMBER(I8),ISNUMBER(G8),ISNUMBER(J8)),IF(I8<>F8,MAX(CONFIGURACIÓN!$C$15,ROUND((G8-J8)/(I8-F8),2)),CONFIGURACIÓN!$C$14),CONFIGURACIÓN!$C$14) -> 1.5 | N8: =IF(I8="","CALIBRAR",IF(D8=0,"Inicio ciclo "&C8&": usar DECISIÓN",IF(J8<=CONFIGURACIÓN!$C$11,MAX(F8+B8,-INT(-F8*(1+CONFIGURACIÓN!$C$17)/B8)*B8),IF(AND(ISNUMBER(L8),L8<=-CONFIGURACIÓN!$C$18),I8,I8+B8)))) -> CALIBRAR | P8: =IF(NOT(ISNUMBER(O8)),"",IF(NOT(ISNUMBER(I8)),"30–40 (calibración)",MAX(1,ROUND(J8-M8*(O8-I8),0)))) | R8: =IF(Q8<>"",Q8,P8) | S8: =IF(I8="","SIN DATOS · sesión de calibración",IF(D8=0,"NUEVO CICLO "&C8&" PREPARADO",IF(J8<=CONFIGURACIÓN!$C$11,"CICLO TERMINADO · cerrar ciclo "&C8&" e iniciar ciclo "&(C8+1),IF(AND(ISNUMBER(L8),L8<=-CONFIGURACIÓN!$C$18),"RENDIMIENTO BAJO · analizar fatiga (no subir automáticamente)",IF(AND(ISNUMBER(R8),R8<=CONFIGURACIÓN!$C$11),"ÚLTIMA SESIÓN DEL CICLO PROBABLE",IF(J8<=CONFIGURACIÓN!$C$13,"PRÓXIMO A TERMINAR","EN PROGRESIÓN")))))) -> SIN DATOS · sesión de calibración | T8: =IF(ISNUMBER(INDEX(CONFIGURACIÓN!$K$42:$K$56,MATCH(A8,CONFIGURACIÓN!$B$42:$B$56,0))),IF(WEEKDAY(MAX(IF(ISNUMBER(H8),H8,0),TODAY()-1),2)<INDEX(CONFIGURACIÓN!$K$42:$K$56,MATCH(A8,CONFIGURACIÓN!$B$42:$B$56,0)),MAX(IF(ISNUMBER(H8),H8,0),TODAY()-1)+INDEX(CONFIGURACIÓN!$K$42:$K$56,MATCH(A8,CONFIGURACIÓN!$B$42:$B$56,0))-WEEKDAY(MAX(IF(ISNUMBER(H8),H8,0),TODAY()-1),2),IF(WEEKDAY(MAX(IF(ISNUMBER(H8),H8,0),TODAY()-1),2)<IF(ISNUMBER(INDEX(CONFIGURACIÓN!$L$42:$L$56,MATCH(A8,CONFIGURACIÓN!$B$42:$B$56,0))),INDEX(CONFIGURACIÓN!$L$42:$L$56,MATCH(A8,CONFIGURACIÓN!$B$42:$B$56,0)),INDEX(CONFIGURACIÓN!$K$42:$K$56,MATCH(A8,CONFIGURACIÓN!$B$42:$B$56,0))),MAX(IF(ISNUMBER(H8),H8,0),TODAY()-1)+IF(ISNUMBER(INDEX(CONFIGURACIÓN!$L$42:$L$56,MATCH(A8,CONFIGURACIÓN!$B$42:$B$56,0))),INDEX(CONFIGURACIÓN!$L$42:$L$56,MATCH(A8,CONFIGURACIÓN!$B$42:$B$56,0)),INDEX(CONFIGURACIÓN!$K$42:$K$56,MATCH(A8,CONFIGURACIÓN!$B$42:$B$56,0)))-WEEKDAY(MAX(IF(ISNUMBER(H8),H8,0),TODAY()-1),2),MAX(IF(ISNUMBER(H8),H8,0),TODAY()-1)+7-WEEKDAY(MAX(IF(ISNUMBER(H8),H8,0),TODAY()-1),2)+INDEX(CONFIGURACIÓN!$K$42:$K$56,MATCH(A8,CONFIGURACIÓN!$B$42:$B$56,0)))),"") -> 46294 | U8: =IF(AJ8=0,"",INDEX(HISTORIAL!$M$5:$M$2004,AJ8)) | V8: =IF(AJ8=0,"",INDEX(HISTORIAL!$B$5:$B$2004,AJ8)) | W8: =IF(AJ8=0,"",INDEX(HISTORIAL!$J$5:$J$2004,AJ8)) | X8: =IF(V8="","",SUMIFS(HISTORIAL!$K$5:$K$2004,HISTORIAL!$E$5:$E$2004,A8,HISTORIAL!$F$5:$F$2004,"Post-Bilbo",HISTORIAL!$B$5:$B$2004,V8,HISTORIAL!$I$5:$I$2004,1)) | Y8: =IF(V8="","",SUMIFS(HISTORIAL!$K$5:$K$2004,HISTORIAL!$E$5:$E$2004,A8,HISTORIAL!$F$5:$F$2004,"Post-Bilbo",HISTORIAL!$B$5:$B$2004,V8,HISTORIAL!$I$5:$I$2004,2)) | Z8: =IF(V8="","",SUMIFS(HISTORIAL!$K$5:$K$2004,HISTORIAL!$E$5:$E$2004,A8,HISTORIAL!$F$5:$F$2004,"Post-Bilbo",HISTORIAL!$B$5:$B$2004,V8,HISTORIAL!$I$5:$I$2004,3)) | AA8: =IF(V8="","",_xlfn.MINIFS(HISTORIAL!$L$5:$L$2004,HISTORIAL!$E$5:$E$2004,A8,HISTORIAL!$F$5:$F$2004,"Post-Bilbo",HISTORIAL!$B$5:$B$2004,V8)) | AB8: =IF(V8="","",W8&" kg × "&X8&" / "&Y8&" / "&Z8&" @RIR≥"&AA8) | AC8: =IF(V8="","SIN DATOS",IF(MIN(X8:Z8)<CONFIGURACIÓN!$C$20,"BAJAR %",IF(MIN(X8:Z8)>CONFIGURACIÓN!$C$21,"SUBIR %",IF(X8-Z8>=CONFIGURACIÓN!$C$27,"MANTENER · caída alta entre series","MANTENER")))) -> SIN DATOS | AD8: =IF(NOT(ISNUMBER(U8)),CONFIGURACIÓN!$C$23,MIN(CONFIGURACIÓN!$C$26,MAX(CONFIGURACIÓN!$C$25,U8+IF(AC8="SUBIR %",CONFIGURACIÓN!$C$24,IF(AC8="BAJAR %",-CONFIGURACIÓN!$C$24,0))))) -> 0.15 | AE8: 0.15 | AF8: =IF(AND(ISNUMBER(O8),ISNUMBER(AE8)),IF(CONFIGURACIÓN!$C$9="ABAJO",INT((O8*(1+AE8))/(B8))*(B8),IF(CONFIGURACIÓN!$C$9="ARRIBA",-INT(-(O8*(1+AE8))/(B8))*(B8),ROUND((O8*(1+AE8))/(B8),0)*(B8))),"") | AG8: Sin datos todavía. Primera sesión = calibración (ver INSTRUCCIONES §21). | AH8: =_xlfn.MAXIFS(HISTORIAL!$A$5:$A$2004,HISTORIAL!$E$5:$E$2004,A8,HISTORIAL!$F$5:$F$2004,"Bilbo") -> 0 | AI8: =_xlfn.MINIFS(HISTORIAL!$A$5:$A$2004,HISTORIAL!$E$5:$E$2004,A8,HISTORIAL!$F$5:$F$2004,"Bilbo",HISTORIAL!$G$5:$G$2004,C8) -> 0 | AJ8: =_xlfn.MAXIFS(HISTORIAL!$A$5:$A$2004,HISTORIAL!$E$5:$E$2004,A8,HISTORIAL!$F$5:$F$2004,"Post-Bilbo") -> 0
A10: Cómo se usa: tras cada sesión la IA escribe en HISTORIAL y luego decide aquí 'Próximo peso Bilbo DECISIÓN', '% post próxima DECISIÓN' y, al cerrar un ciclo, 'Ciclo actual'. SUGERIDO es solo la propuesta automática; la DECISIÓN manda.
A11: Sin datos (calibración): 'Próximo peso Bilbo DECISIÓN' queda vacío hasta conocer la primera referencia. Columnas 'aux' = auxiliares técnicas (no tocar).

Sheet CICLOS BILBO
A1: CICLOS BILBO — todos los ciclos (NUNCA borrar ciclos anteriores)
A2: Para abrir un ciclo nuevo: escribir Ejercicio, Nº ciclo y Estado=ACTIVO en la primera fila libre (el resto se calcula). Marcar el anterior como TERMINADO.
A3: Leyenda: celdas AMARILLAS con texto AZUL = entrada/decisión (se editan). Celdas GRISES = fórmula (no tocar). Texto VERDE = vínculo a otra hoja (no tocar).
A5: Ejercicio | B5: Nº ciclo | C5: Estado | D5: Fecha inicio | E5: Peso inicial | F5: Reps iniciales | G5: Fecha última / fin | H5: Peso final (último) | I5: Reps finales (últimas) | J5: Nº sesiones | K5: Mayor carga del ciclo | L5: Reps con esa carga | M5: Mejor índice Bilbo | N5: Progreso de carga en el ciclo (kg) | O5: Peso inicial ciclo anterior | P5: Regla: inicial > anterior | Q5: Reps en ciclo anterior con la carga inicial de este | R5: Mejora de reps a igual carga | S5: Volumen del ciclo (Bilbo+post, kg) | T5: Carga inicial ciclo siguiente SUGERIDA | U5: Carga inicial ciclo siguiente DECISIÓN | V5: Validación decisión | W5: Observaciones / análisis
A6: Press banca | B6: 1 | C6: ACTIVO | D6: =IF($A6="","",IF(_xlfn.MINIFS(HISTORIAL!$A$5:$A$2004,HISTORIAL!$E$5:$E$2004,$A6,HISTORIAL!$F$5:$F$2004,"Bilbo",HISTORIAL!$G$5:$G$2004,$B6)=0,"",INDEX(HISTORIAL!$B$5:$B$2004,_xlfn.MINIFS(HISTORIAL!$A$5:$A$2004,HISTORIAL!$E$5:$E$2004,$A6,HISTORIAL!$F$5:$F$2004,"Bilbo",HISTORIAL!$G$5:$G$2004,$B6)))) | E6: =IF($A6="","",IF(_xlfn.MINIFS(HISTORIAL!$A$5:$A$2004,HISTORIAL!$E$5:$E$2004,$A6,HISTORIAL!$F$5:$F$2004,"Bilbo",HISTORIAL!$G$5:$G$2004,$B6)=0,"",INDEX(HISTORIAL!$J$5:$J$2004,_xlfn.MINIFS(HISTORIAL!$A$5:$A$2004,HISTORIAL!$E$5:$E$2004,$A6,HISTORIAL!$F$5:$F$2004,"Bilbo",HISTORIAL!$G$5:$G$2004,$B6)))) | F6: =IF($A6="","",IF(_xlfn.MINIFS(HISTORIAL!$A$5:$A$2004,HISTORIAL!$E$5:$E$2004,$A6,HISTORIAL!$F$5:$F$2004,"Bilbo",HISTORIAL!$G$5:$G$2004,$B6)=0,"",INDEX(HISTORIAL!$K$5:$K$2004,_xlfn.MINIFS(HISTORIAL!$A$5:$A$2004,HISTORIAL!$E$5:$E$2004,$A6,HISTORIAL!$F$5:$F$2004,"Bilbo",HISTORIAL!$G$5:$G$2004,$B6)))) | G6: =IF($A6="","",IF(_xlfn.MAXIFS(HISTORIAL!$A$5:$A$2004,HISTORIAL!$E$5:$E$2004,$A6,HISTORIAL!$F$5:$F$2004,"Bilbo",HISTORIAL!$G$5:$G$2004,$B6)=0,"",INDEX(HISTORIAL!$B$5:$B$2004,_xlfn.MAXIFS(HISTORIAL!$A$5:$A$2004,HISTORIAL!$E$5:$E$2004,$A6,HISTORIAL!$F$5:$F$2004,"Bilbo",HISTORIAL!$G$5:$G$2004,$B6)))) | H6: =IF($A6="","",IF(_xlfn.MAXIFS(HISTORIAL!$A$5:$A$2004,HISTORIAL!$E$5:$E$2004,$A6,HISTORIAL!$F$5:$F$2004,"Bilbo",HISTORIAL!$G$5:$G$2004,$B6)=0,"",INDEX(HISTORIAL!$J$5:$J$2004,_xlfn.MAXIFS(HISTORIAL!$A$5:$A$2004,HISTORIAL!$E$5:$E$2004,$A6,HISTORIAL!$F$5:$F$2004,"Bilbo",HISTORIAL!$G$5:$G$2004,$B6)))) | I6: =IF($A6="","",IF(_xlfn.MAXIFS(HISTORIAL!$A$5:$A$2004,HISTORIAL!$E$5:$E$2004,$A6,HISTORIAL!$F$5:$F$2004,"Bilbo",HISTORIAL!$G$5:$G$2004,$B6)=0,"",INDEX(HISTORIAL!$K$5:$K$2004,_xlfn.MAXIFS(HISTORIAL!$A$5:$A$2004,HISTORIAL!$E$5:$E$2004,$A6,HISTORIAL!$F$5:$F$2004,"Bilbo",HISTORIAL!$G$5:$G$2004,$B6)))) | J6: =IF($A6="","",COUNTIFS(HISTORIAL!$E$5:$E$2004,$A6,HISTORIAL!$F$5:$F$2004,"Bilbo",HISTORIAL!$G$5:$G$2004,$B6)) -> 0 | K6: =IF($A6="","",IF(J6=0,"",_xlfn.MAXIFS(HISTORIAL!$J$5:$J$2004,HISTORIAL!$E$5:$E$2004,$A6,HISTORIAL!$F$5:$F$2004,"Bilbo",HISTORIAL!$G$5:$G$2004,$B6))) | L6: =IF($A6="","",IF(J6=0,"",_xlfn.MAXIFS(HISTORIAL!$K$5:$K$2004,HISTORIAL!$E$5:$E$2004,$A6,HISTORIAL!$F$5:$F$2004,"Bilbo",HISTORIAL!$G$5:$G$2004,$B6,HISTORIAL!$J$5:$J$2004,K6))) | M6: =IF($A6="","",IF(J6=0,"",_xlfn.MAXIFS(HISTORIAL!$T$5:$T$2004,HISTORIAL!$E$5:$E$2004,$A6,HISTORIAL!$F$5:$F$2004,"Bilbo",HISTORIAL!$G$5:$G$2004,$B6))) | N6: =IF($A6="","",IF(J6=0,"",H6-E6)) | O6: =IF($A6="","",IF(COUNTIFS($A$6:$A$105,$A6,$B$6:$B$105,$B6-1)=0,"",SUMIFS($E$6:$E$105,$A$6:$A$105,$A6,$B$6:$B$105,$B6-1))) | P6: =IF($A6="","",IF(OR(O6="",NOT(ISNUMBER(E6))),"—",IF(E6>O6,"OK","ERROR: debe ser > "&O6))) -> — | Q6: =IF($A6="","",IF(OR(O6="",NOT(ISNUMBER(E6))),"",IF(_xlfn.MAXIFS(HISTORIAL!$K$5:$K$2004,HISTORIAL!$E$5:$E$2004,$A6,HISTORIAL!$F$5:$F$2004,"Bilbo",HISTORIAL!$G$5:$G$2004,$B6-1,HISTORIAL!$J$5:$J$2004,E6)=0,"sin dato comparable",_xlfn.MAXIFS(HISTORIAL!$K$5:$K$2004,HISTORIAL!$E$5:$E$2004,$A6,HISTORIAL!$F$5:$F$2004,"Bilbo",HISTORIAL!$G$5:$G$2004,$B6-1,HISTORIAL!$J$5:$J$2004,E6)))) | R6: =IF($A6="","",IF(AND(ISNUMBER(Q6),ISNUMBER(F6)),F6-Q6,"")) | S6: =IF($A6="","",SUMIFS(HISTORIAL!$R$5:$R$2004,HISTORIAL!$E$5:$E$2004,$A6,HISTORIAL!$F$5:$F$2004,"Bilbo",HISTORIAL!$G$5:$G$2004,$B6)+SUMIFS(HISTORIAL!$R$5:$R$2004,HISTORIAL!$E$5:$E$2004,$A6,HISTORIAL!$F$5:$F$2004,"Post-Bilbo",HISTORIAL!$G$5:$G$2004,$B6)) -> 0 | T6: =IF($A6="","",IF(NOT(ISNUMBER(E6)),"",MAX(E6+INDEX(CONFIGURACIÓN!$H$42:$H$56,MATCH($A6,CONFIGURACIÓN!$B$42:$B$56,0)),-INT(-E6*(1+CONFIGURACIÓN!$C$17)/(INDEX(CONFIGURACIÓN!$H$42:$H$56,MATCH($A6,CONFIGURACIÓN!$B$42:$B$56,0))))*(INDEX(CONFIGURACIÓN!$H$42:$H$56,MATCH($A6,CONFIGURACIÓN!$B$42:$B$56,0)))))) | V6: =IF($A6="","",IF(U6="","",IF(NOT(ISNUMBER(E6)),"sin carga inicial registrada",IF(U6>E6,"OK","ERROR: debe ser > "&E6)))) | W6: Ciclo 1 abierto al crear el sistema (27/09/2026). Primera sesión = calibración.
A7: Press militar | B7: 1 | C7: ACTIVO | D7: =IF($A7="","",IF(_xlfn.MINIFS(HISTORIAL!$A$5:$A$2004,HISTORIAL!$E$5:$E$2004,$A7,HISTORIAL!$F$5:$F$2004,"Bilbo",HISTORIAL!$G$5:$G$2004,$B7)=0,"",INDEX(HISTORIAL!$B$5:$B$2004,_xlfn.MINIFS(HISTORIAL!$A$5:$A$2004,HISTORIAL!$E$5:$E$2004,$A7,HISTORIAL!$F$5:$F$2004,"Bilbo",HISTORIAL!$G$5:$G$2004,$B7)))) | E7: =IF($A7="","",IF(_xlfn.MINIFS(HISTORIAL!$A$5:$A$2004,HISTORIAL!$E$5:$E$2004,$A7,HISTORIAL!$F$5:$F$2004,"Bilbo",HISTORIAL!$G$5:$G$2004,$B7)=0,"",INDEX(HISTORIAL!$J$5:$J$2004,_xlfn.MINIFS(HISTORIAL!$A$5:$A$2004,HISTORIAL!$E$5:$E$2004,$A7,HISTORIAL!$F$5:$F$2004,"Bilbo",HISTORIAL!$G$5:$G$2004,$B7)))) | F7: =IF($A7="","",IF(_xlfn.MINIFS(HISTORIAL!$A$5:$A$2004,HISTORIAL!$E$5:$E$2004,$A7,HISTORIAL!$F$5:$F$2004,"Bilbo",HISTORIAL!$G$5:$G$2004,$B7)=0,"",INDEX(HISTORIAL!$K$5:$K$2004,_xlfn.MINIFS(HISTORIAL!$A$5:$A$2004,HISTORIAL!$E$5:$E$2004,$A7,HISTORIAL!$F$5:$F$2004,"Bilbo",HISTORIAL!$G$5:$G$2004,$B7)))) | G7: =IF($A7="","",IF(_xlfn.MAXIFS(HISTORIAL!$A$5:$A$2004,HISTORIAL!$E$5:$E$2004,$A7,HISTORIAL!$F$5:$F$2004,"Bilbo",HISTORIAL!$G$5:$G$2004,$B7)=0,"",INDEX(HISTORIAL!$B$5:$B$2004,_xlfn.MAXIFS(HISTORIAL!$A$5:$A$2004,HISTORIAL!$E$5:$E$2004,$A7,HISTORIAL!$F$5:$F$2004,"Bilbo",HISTORIAL!$G$5:$G$2004,$B7)))) | H7: =IF($A7="","",IF(_xlfn.MAXIFS(HISTORIAL!$A$5:$A$2004,HISTORIAL!$E$5:$E$2004,$A7,HISTORIAL!$F$5:$F$2004,"Bilbo",HISTORIAL!$G$5:$G$2004,$B7)=0,"",INDEX(HISTORIAL!$J$5:$J$2004,_xlfn.MAXIFS(HISTORIAL!$A$5:$A$2004,HISTORIAL!$E$5:$E$2004,$A7,HISTORIAL!$F$5:$F$2004,"Bilbo",HISTORIAL!$G$5:$G$2004,$B7)))) | I7: =IF($A7="","",IF(_xlfn.MAXIFS(HISTORIAL!$A$5:$A$2004,HISTORIAL!$E$5:$E$2004,$A7,HISTORIAL!$F$5:$F$2004,"Bilbo",HISTORIAL!$G$5:$G$2004,$B7)=0,"",INDEX(HISTORIAL!$K$5:$K$2004,_xlfn.MAXIFS(HISTORIAL!$A$5:$A$2004,HISTORIAL!$E$5:$E$2004,$A7,HISTORIAL!$F$5:$F$2004,"Bilbo",HISTORIAL!$G$5:$G$2004,$B7)))) | J7: =IF($A7="","",COUNTIFS(HISTORIAL!$E$5:$E$2004,$A7,HISTORIAL!$F$5:$F$2004,"Bilbo",HISTORIAL!$G$5:$G$2004,$B7)) -> 0 | K7: =IF($A7="","",IF(J7=0,"",_xlfn.MAXIFS(HISTORIAL!$J$5:$J$2004,HISTORIAL!$E$5:$E$2004,$A7,HISTORIAL!$F$5:$F$2004,"Bilbo",HISTORIAL!$G$5:$G$2004,$B7))) | L7: =IF($A7="","",IF(J7=0,"",_xlfn.MAXIFS(HISTORIAL!$K$5:$K$2004,HISTORIAL!$E$5:$E$2004,$A7,HISTORIAL!$F$5:$F$2004,"Bilbo",HISTORIAL!$G$5:$G$2004,$B7,HISTORIAL!$J$5:$J$2004,K7))) | M7: =IF($A7="","",IF(J7=0,"",_xlfn.MAXIFS(HISTORIAL!$T$5:$T$2004,HISTORIAL!$E$5:$E$2004,$A7,HISTORIAL!$F$5:$F$2004,"Bilbo",HISTORIAL!$G$5:$G$2004,$B7))) | N7: =IF($A7="","",IF(J7=0,"",H7-E7)) | O7: =IF($A7="","",IF(COUNTIFS($A$6:$A$105,$A7,$B$6:$B$105,$B7-1)=0,"",SUMIFS($E$6:$E$105,$A$6:$A$105,$A7,$B$6:$B$105,$B7-1))) | P7: =IF($A7="","",IF(OR(O7="",NOT(ISNUMBER(E7))),"—",IF(E7>O7,"OK","ERROR: debe ser > "&O7))) -> — | Q7: =IF($A7="","",IF(OR(O7="",NOT(ISNUMBER(E7))),"",IF(_xlfn.MAXIFS(HISTORIAL!$K$5:$K$2004,HISTORIAL!$E$5:$E$2004,$A7,HISTORIAL!$F$5:$F$2004,"Bilbo",HISTORIAL!$G$5:$G$2004,$B7-1,HISTORIAL!$J$5:$J$2004,E7)=0,"sin dato comparable",_xlfn.MAXIFS(HISTORIAL!$K$5:$K$2004,HISTORIAL!$E$5:$E$2004,$A7,HISTORIAL!$F$5:$F$2004,"Bilbo",HISTORIAL!$G$5:$G$2004,$B7-1,HISTORIAL!$J$5:$J$2004,E7)))) | R7: =IF($A7="","",IF(AND(ISNUMBER(Q7),ISNUMBER(F7)),F7-Q7,"")) | S7: =IF($A7="","",SUMIFS(HISTORIAL!$R$5:$R$2004,HISTORIAL!$E$5:$E$2004,$A7,HISTORIAL!$F$5:$F$2004,"Bilbo",HISTORIAL!$G$5:$G$2004,$B7)+SUMIFS(HISTORIAL!$R$5:$R$2004,HISTORIAL!$E$5:$E$2004,$A7,HISTORIAL!$F$5:$F$2004,"Post-Bilbo",HISTORIAL!$G$5:$G$2004,$B7)) -> 0 | T7: =IF($A7="","",IF(NOT(ISNUMBER(E7)),"",MAX(E7+INDEX(CONFIGURACIÓN!$H$42:$H$56,MATCH($A7,CONFIGURACIÓN!$B$42:$B$56,0)),-INT(-E7*(1+CONFIGURACIÓN!$C$17)/(INDEX(CONFIGURACIÓN!$H$42:$H$56,MATCH($A7,CONFIGURACIÓN!$B$42:$B$56,0))))*(INDEX(CONFIGURACIÓN!$H$42:$H$56,MATCH($A7,CONFIGURACIÓN!$B$42:$B$56,0)))))) | V7: =IF($A7="","",IF(U7="","",IF(NOT(ISNUMBER(E7)),"sin carga inicial registrada",IF(U7>E7,"OK","ERROR: debe ser > "&E7)))) | W7: Ciclo 1 abierto al crear el sistema (27/09/2026). Primera sesión = calibración.
A8: Remo bajo en polea | B8: 1 | C8: ACTIVO | D8: =IF($A8="","",IF(_xlfn.MINIFS(HISTORIAL!$A$5:$A$2004,HISTORIAL!$E$5:$E$2004,$A8,HISTORIAL!$F$5:$F$2004,"Bilbo",HISTORIAL!$G$5:$G$2004,$B8)=0,"",INDEX(HISTORIAL!$B$5:$B$2004,_xlfn.MINIFS(HISTORIAL!$A$5:$A$2004,HISTORIAL!$E$5:$E$2004,$A8,HISTORIAL!$F$5:$F$2004,"Bilbo",HISTORIAL!$G$5:$G$2004,$B8)))) | E8: =IF($A8="","",IF(_xlfn.MINIFS(HISTORIAL!$A$5:$A$2004,HISTORIAL!$E$5:$E$2004,$A8,HISTORIAL!$F$5:$F$2004,"Bilbo",HISTORIAL!$G$5:$G$2004,$B8)=0,"",INDEX(HISTORIAL!$J$5:$J$2004,_xlfn.MINIFS(HISTORIAL!$A$5:$A$2004,HISTORIAL!$E$5:$E$2004,$A8,HISTORIAL!$F$5:$F$2004,"Bilbo",HISTORIAL!$G$5:$G$2004,$B8)))) | F8: =IF($A8="","",IF(_xlfn.MINIFS(HISTORIAL!$A$5:$A$2004,HISTORIAL!$E$5:$E$2004,$A8,HISTORIAL!$F$5:$F$2004,"Bilbo",HISTORIAL!$G$5:$G$2004,$B8)=0,"",INDEX(HISTORIAL!$K$5:$K$2004,_xlfn.MINIFS(HISTORIAL!$A$5:$A$2004,HISTORIAL!$E$5:$E$2004,$A8,HISTORIAL!$F$5:$F$2004,"Bilbo",HISTORIAL!$G$5:$G$2004,$B8)))) | G8: =IF($A8="","",IF(_xlfn.MAXIFS(HISTORIAL!$A$5:$A$2004,HISTORIAL!$E$5:$E$2004,$A8,HISTORIAL!$F$5:$F$2004,"Bilbo",HISTORIAL!$G$5:$G$2004,$B8)=0,"",INDEX(HISTORIAL!$B$5:$B$2004,_xlfn.MAXIFS(HISTORIAL!$A$5:$A$2004,HISTORIAL!$E$5:$E$2004,$A8,HISTORIAL!$F$5:$F$2004,"Bilbo",HISTORIAL!$G$5:$G$2004,$B8)))) | H8: =IF($A8="","",IF(_xlfn.MAXIFS(HISTORIAL!$A$5:$A$2004,HISTORIAL!$E$5:$E$2004,$A8,HISTORIAL!$F$5:$F$2004,"Bilbo",HISTORIAL!$G$5:$G$2004,$B8)=0,"",INDEX(HISTORIAL!$J$5:$J$2004,_xlfn.MAXIFS(HISTORIAL!$A$5:$A$2004,HISTORIAL!$E$5:$E$2004,$A8,HISTORIAL!$F$5:$F$2004,"Bilbo",HISTORIAL!$G$5:$G$2004,$B8)))) | I8: =IF($A8="","",IF(_xlfn.MAXIFS(HISTORIAL!$A$5:$A$2004,HISTORIAL!$E$5:$E$2004,$A8,HISTORIAL!$F$5:$F$2004,"Bilbo",HISTORIAL!$G$5:$G$2004,$B8)=0,"",INDEX(HISTORIAL!$K$5:$K$2004,_xlfn.MAXIFS(HISTORIAL!$A$5:$A$2004,HISTORIAL!$E$5:$E$2004,$A8,HISTORIAL!$F$5:$F$2004,"Bilbo",HISTORIAL!$G$5:$G$2004,$B8)))) | J8: =IF($A8="","",COUNTIFS(HISTORIAL!$E$5:$E$2004,$A8,HISTORIAL!$F$5:$F$2004,"Bilbo",HISTORIAL!$G$5:$G$2004,$B8)) -> 0 | K8: =IF($A8="","",IF(J8=0,"",_xlfn.MAXIFS(HISTORIAL!$J$5:$J$2004,HISTORIAL!$E$5:$E$2004,$A8,HISTORIAL!$F$5:$F$2004,"Bilbo",HISTORIAL!$G$5:$G$2004,$B8))) | L8: =IF($A8="","",IF(J8=0,"",_xlfn.MAXIFS(HISTORIAL!$K$5:$K$2004,HISTORIAL!$E$5:$E$2004,$A8,HISTORIAL!$F$5:$F$2004,"Bilbo",HISTORIAL!$G$5:$G$2004,$B8,HISTORIAL!$J$5:$J$2004,K8))) | M8: =IF($A8="","",IF(J8=0,"",_xlfn.MAXIFS(HISTORIAL!$T$5:$T$2004,HISTORIAL!$E$5:$E$2004,$A8,HISTORIAL!$F$5:$F$2004,"Bilbo",HISTORIAL!$G$5:$G$2004,$B8))) | N8: =IF($A8="","",IF(J8=0,"",H8-E8)) | O8: =IF($A8="","",IF(COUNTIFS($A$6:$A$105,$A8,$B$6:$B$105,$B8-1)=0,"",SUMIFS($E$6:$E$105,$A$6:$A$105,$A8,$B$6:$B$105,$B8-1))) | P8: =IF($A8="","",IF(OR(O8="",NOT(ISNUMBER(E8))),"—",IF(E8>O8,"OK","ERROR: debe ser > "&O8))) -> — | Q8: =IF($A8="","",IF(OR(O8="",NOT(ISNUMBER(E8))),"",IF(_xlfn.MAXIFS(HISTORIAL!$K$5:$K$2004,HISTORIAL!$E$5:$E$2004,$A8,HISTORIAL!$F$5:$F$2004,"Bilbo",HISTORIAL!$G$5:$G$2004,$B8-1,HISTORIAL!$J$5:$J$2004,E8)=0,"sin dato comparable",_xlfn.MAXIFS(HISTORIAL!$K$5:$K$2004,HISTORIAL!$E$5:$E$2004,$A8,HISTORIAL!$F$5:$F$2004,"Bilbo",HISTORIAL!$G$5:$G$2004,$B8-1,HISTORIAL!$J$5:$J$2004,E8)))) | R8: =IF($A8="","",IF(AND(ISNUMBER(Q8),ISNUMBER(F8)),F8-Q8,"")) | S8: =IF($A8="","",SUMIFS(HISTORIAL!$R$5:$R$2004,HISTORIAL!$E$5:$E$2004,$A8,HISTORIAL!$F$5:$F$2004,"Bilbo",HISTORIAL!$G$5:$G$2004,$B8)+SUMIFS(HISTORIAL!$R$5:$R$2004,HISTORIAL!$E$5:$E$2004,$A8,HISTORIAL!$F$5:$F$2004,"Post-Bilbo",HISTORIAL!$G$5:$G$2004,$B8)) -> 0 | T8: =IF($A8="","",IF(NOT(ISNUMBER(E8)),"",MAX(E8+INDEX(CONFIGURACIÓN!$H$42:$H$56,MATCH($A8,CONFIGURACIÓN!$B$42:$B$56,0)),-INT(-E8*(1+CONFIGURACIÓN!$C$17)/(INDEX(CONFIGURACIÓN!$H$42:$H$56,MATCH($A8,CONFIGURACIÓN!$B$42:$B$56,0))))*(INDEX(CONFIGURACIÓN!$H$42:$H$56,MATCH($A8,CONFIGURACIÓN!$B$42:$B$56,0)))))) | V8: =IF($A8="","",IF(U8="","",IF(NOT(ISNUMBER(E8)),"sin carga inicial registrada",IF(U8>E8,"OK","ERROR: debe ser > "&E8)))) | W8: Ciclo 1 abierto al crear el sistema (27/09/2026). Primera sesión = calibración.
D9: =IF($A9="","",IF(_xlfn.MINIFS(HISTORIAL!$A$5:$A$2004,HISTORIAL!$E$5:$E$2004,$A9,HISTORIAL!$F$5:$F$2004,"Bilbo",HISTORIAL!$G$5:$G$2004,$B9)=0,"",INDEX(HISTORIAL!$B$5:$B$2004,_xlfn.MINIFS(HISTORIAL!$A$5:$A$2004,HISTORIAL!$E$5:$E$2004,$A9,HISTORIAL!$F$5:$F$2004,"Bilbo",HISTORIAL!$G$5:$G$2004,$B9)))) | E9: =IF($A9="","",IF(_xlfn.MINIFS(HISTORIAL!$A$5:$A$2004,HISTORIAL!$E$5:$E$2004,$A9,HISTORIAL!$F$5:$F$2004,"Bilbo",HISTORIAL!$G$5:$G$2004,$B9)=0,"",INDEX(HISTORIAL!$J$5:$J$2004,_xlfn.MINIFS(HISTORIAL!$A$5:$A$2004,HISTORIAL!$E$5:$E$2004,$A9,HISTORIAL!$F$5:$F$2004,"Bilbo",HISTORIAL!$G$5:$G$2004,$B9)))) | F9: =IF($A9="","",IF(_xlfn.MINIFS(HISTORIAL!$A$5:$A$2004,HISTORIAL!$E$5:$E$2004,$A9,HISTORIAL!$F$5:$F$2004,"Bilbo",HISTORIAL!$G$5:$G$2004,$B9)=0,"",INDEX(HISTORIAL!$K$5:$K$2004,_xlfn.MINIFS(HISTORIAL!$A$5:$A$2004,HISTORIAL!$E$5:$E$2004,$A9,HISTORIAL!$F$5:$F$2004,"Bilbo",HISTORIAL!$G$5:$G$2004,$B9)))) | G9: =IF($A9="","",IF(_xlfn.MAXIFS(HISTORIAL!$A$5:$A$2004,HISTORIAL!$E$5:$E$2004,$A9,HISTORIAL!$F$5:$F$2004,"Bilbo",HISTORIAL!$G$5:$G$2004,$B9)=0,"",INDEX(HISTORIAL!$B$5:$B$2004,_xlfn.MAXIFS(HISTORIAL!$A$5:$A$2004,HISTORIAL!$E$5:$E$2004,$A9,HISTORIAL!$F$5:$F$2004,"Bilbo",HISTORIAL!$G$5:$G$2004,$B9)))) | H9: =IF($A9="","",IF(_xlfn.MAXIFS(HISTORIAL!$A$5:$A$2004,HISTORIAL!$E$5:$E$2004,$A9,HISTORIAL!$F$5:$F$2004,"Bilbo",HISTORIAL!$G$5:$G$2004,$B9)=0,"",INDEX(HISTORIAL!$J$5:$J$2004,_xlfn.MAXIFS(HISTORIAL!$A$5:$A$2004,HISTORIAL!$E$5:$E$2004,$A9,HISTORIAL!$F$5:$F$2004,"Bilbo",HISTORIAL!$G$5:$G$2004,$B9)))) | I9: =IF($A9="","",IF(_xlfn.MAXIFS(HISTORIAL!$A$5:$A$2004,HISTORIAL!$E$5:$E$2004,$A9,HISTORIAL!$F$5:$F$2004,"Bilbo",HISTORIAL!$G$5:$G$2004,$B9)=0,"",INDEX(HISTORIAL!$K$5:$K$2004,_xlfn.MAXIFS(HISTORIAL!$A$5:$A$2004,HISTORIAL!$E$5:$E$2004,$A9,HISTORIAL!$F$5:$F$2004,"Bilbo",HISTORIAL!$G$5:$G$2004,$B9)))) | J9: =IF($A9="","",COUNTIFS(HISTORIAL!$E$5:$E$2004,$A9,HISTORIAL!$F$5:$F$2004,"Bilbo",HISTORIAL!$G$5:$G$2004,$B9)) | K9: =IF($A9="","",IF(J9=0,"",_xlfn.MAXIFS(HISTORIAL!$J$5:$J$2004,HISTORIAL!$E$5:$E$2004,$A9,HISTORIAL!$F$5:$F$2004,"Bilbo",HISTORIAL!$G$5:$G$2004,$B9))) | L9: =IF($A9="","",IF(J9=0,"",_xlfn.MAXIFS(HISTORIAL!$K$5:$K$2004,HISTORIAL!$E$5:$E$2004,$A9,HISTORIAL!$F$5:$F$2004,"Bilbo",HISTORIAL!$G$5:$G$2004,$B9,HISTORIAL!$J$5:$J$2004,K9))) | M9: =IF($A9="","",IF(J9=0,"",_xlfn.MAXIFS(HISTORIAL!$T$5:$T$2004,HISTORIAL!$E$5:$E$2004,$A9,HISTORIAL!$F$5:$F$2004,"Bilbo",HISTORIAL!$G$5:$G$2004,$B9))) | N9: =IF($A9="","",IF(J9=0,"",H9-E9)) | O9: =IF($A9="","",IF(COUNTIFS($A$6:$A$105,$A9,$B$6:$B$105,$B9-1)=0,"",SUMIFS($E$6:$E$105,$A$6:$A$105,$A9,$B$6:$B$105,$B9-1))) | P9: =IF($A9="","",IF(OR(O9="",NOT(ISNUMBER(E9))),"—",IF(E9>O9,"OK","ERROR: debe ser > "&O9))) | Q9: =IF($A9="","",IF(OR(O9="",NOT(ISNUMBER(E9))),"",IF(_xlfn.MAXIFS(HISTORIAL!$K$5:$K$2004,HISTORIAL!$E$5:$E$2004,$A9,HISTORIAL!$F$5:$F$2004,"Bilbo",HISTORIAL!$G$5:$G$2004,$B9-1,HISTORIAL!$J$5:$J$2004,E9)=0,"sin dato comparable",_xlfn.MAXIFS(HISTORIAL!$K$5:$K$2004,HISTORIAL!$E$5:$E$2004,$A9,HISTORIAL!$F$5:$F$2004,"Bilbo",HISTORIAL!$G$5:$G$2004,$B9-1,HISTORIAL!$J$5:$J$2004,E9)))) | R9: =IF($A9="","",IF(AND(ISNUMBER(Q9),ISNUMBER(F9)),F9-Q9,"")) | S9: =IF($A9="","",SUMIFS(HISTORIAL!$R$5:$R$2004,HISTORIAL!$E$5:$E$2004,$A9,HISTORIAL!$F$5:$F$2004,"Bilbo",HISTORIAL!$G$5:$G$2004,$B9)+SUMIFS(HISTORIAL!$R$5:$R$2004,HISTORIAL!$E$5:$E$2004,$A9,HISTORIAL!$F$5:$F$2004,"Post-Bilbo",HISTORIAL!$G$5:$G$2004,$B9)) | T9: =IF($A9="","",IF(NOT(ISNUMBER(E9)),"",MAX(E9+INDEX(CONFIGURACIÓN!$H$42:$H$56,MATCH($A9,CONFIGURACIÓN!$B$42:$B$56,0)),-INT(-E9*(1+CONFIGURACIÓN!$C$17)/(INDEX(CONFIGURACIÓN!$H$42:$H$56,MATCH($A9,CONFIGURACIÓN!$B$42:$B$56,0))))*(INDEX(CONFIGURACIÓN!$H$42:$H$56,MATCH($A9,CONFIGURACIÓN!$B$42:$B$56,0)))))) | V9: =IF($A9="","",IF(U9="","",IF(NOT(ISNUMBER(E9)),"sin carga inicial registrada",IF(U9>E9,"OK","ERROR: debe ser > "&E9))))
D10: =IF($A10="","",IF(_xlfn.MINIFS(HISTORIAL!$A$5:$A$2004,HISTORIAL!$E$5:$E$2004,$A10,HISTORIAL!$F$5:$F$2004,"Bilbo",HISTORIAL!$G$5:$G$2004,$B10)=0,"",INDEX(HISTORIAL!$B$5:$B$2004,_xlfn.MINIFS(HISTORIAL!$A$5:$A$2004,HISTORIAL!$E$5:$E$2004,$A10,HISTORIAL!$F$5:$F$2004,"Bilbo",HISTORIAL!$G$5:$G$2004,$B10)))) | E10: =IF($A10="","",IF(_xlfn.MINIFS(HISTORIAL!$A$5:$A$2004,HISTORIAL!$E$5:$E$2004,$A10,HISTORIAL!$F$5:$F$2004,"Bilbo",HISTORIAL!$G$5:$G$2004,$B10)=0,"",INDEX(HISTORIAL!$J$5:$J$2004,_xlfn.MINIFS(HISTORIAL!$A$5:$A$2004,HISTORIAL!$E$5:$E$2004,$A10,HISTORIAL!$F$5:$F$2004,"Bilbo",HISTORIAL!$G$5:$G$2004,$B10)))) | F10: =IF($A10="","",IF(_xlfn.MINIFS(HISTORIAL!$A$5:$A$2004,HISTORIAL!$E$5:$E$2004,$A10,HISTORIAL!$F$5:$F$2004,"Bilbo",HISTORIAL!$G$5:$G$2004,$B10)=0,"",INDEX(HISTORIAL!$K$5:$K$2004,_xlfn.MINIFS(HISTORIAL!$A$5:$A$2004,HISTORIAL!$E$5:$E$2004,$A10,HISTORIAL!$F$5:$F$2004,"Bilbo",HISTORIAL!$G$5:$G$2004,$B10)))) | G10: =IF($A10="","",IF(_xlfn.MAXIFS(HISTORIAL!$A$5:$A$2004,HISTORIAL!$E$5:$E$2004,$A10,HISTORIAL!$F$5:$F$2004,"Bilbo",HISTORIAL!$G$5:$G$2004,$B10)=0,"",INDEX(HISTORIAL!$B$5:$B$2004,_xlfn.MAXIFS(HISTORIAL!$A$5:$A$2004,HISTORIAL!$E$5:$E$2004,$A10,HISTORIAL!$F$5:$F$2004,"Bilbo",HISTORIAL!$G$5:$G$2004,$B10)))) | H10: =IF($A10="","",IF(_xlfn.MAXIFS(HISTORIAL!$A$5:$A$2004,HISTORIAL!$E$5:$E$2004,$A10,HISTORIAL!$F$5:$F$2004,"Bilbo",HISTORIAL!$G$5:$G$2004,$B10)=0,"",INDEX(HISTORIAL!$J$5:$J$2004,_xlfn.MAXIFS(HISTORIAL!$A$5:$A$2004,HISTORIAL!$E$5:$E$2004,$A10,HISTORIAL!$F$5:$F$2004,"Bilbo",HISTORIAL!$G$5:$G$2004,$B10)))) | I10: =IF($A10="","",IF(_xlfn.MAXIFS(HISTORIAL!$A$5:$A$2004,HISTORIAL!$E$5:$E$2004,$A10,HISTORIAL!$F$5:$F$2004,"Bilbo",HISTORIAL!$G$5:$G$2004,$B10)=0,"",INDEX(HISTORIAL!$K$5:$K$2004,_xlfn.MAXIFS(HISTORIAL!$A$5:$A$2004,HISTORIAL!$E$5:$E$2004,$A10,HISTORIAL!$F$5:$F$2004,"Bilbo",HISTORIAL!$G$5:$G$2004,$B10)))) | J10: =IF($A10="","",COUNTIFS(HISTORIAL!$E$5:$E$2004,$A10,HISTORIAL!$F$5:$F$2004,"Bilbo",HISTORIAL!$G$5:$G$2004,$B10)) | K10: =IF($A10="","",IF(J10=0,"",_xlfn.MAXIFS(HISTORIAL!$J$5:$J$2004,HISTORIAL!$E$5:$E$2004,$A10,HISTORIAL!$F$5:$F$2004,"Bilbo",HISTORIAL!$G$5:$G$2004,$B10))) | L10: =IF($A10="","",IF(J10=0,"",_xlfn.MAXIFS(HISTORIAL!$K$5:$K$2004,HISTORIAL!$E$5:$E$2004,$A10,HISTORIAL!$F$5:$F$2004,"Bilbo",HISTORIAL!$G$5:$G$2004,$B10,HISTORIAL!$J$5:$J$2004,K10))) | M10: =IF($A10="","",IF(J10=0,"",_xlfn.MAXIFS(HISTORIAL!$T$5:$T$2004,HISTORIAL!$E$5:$E$2004,$A10,HISTORIAL!$F$5:$F$2004,"Bilbo",HISTORIAL!$G$5:$G$2004,$B10))) | N10: =IF($A10="","",IF(J10=0,"",H10-E10)) | O10: =IF($A10="","",IF(COUNTIFS($A$6:$A$105,$A10,$B$6:$B$105,$B10-1)=0,"",SUMIFS($E$6:$E$105,$A$6:$A$105,$A10,$B$6:$B$105,$B10-1))) | P10: =IF($A10="","",IF(OR(O10="",NOT(ISNUMBER(E10))),"—",IF(E10>O10,"OK","ERROR: debe ser > "&O10))) | Q10: =IF($A10="","",IF(OR(O10="",NOT(ISNUMBER(E10))),"",IF(_xlfn.MAXIFS(HISTORIAL!$K$5:$K$2004,HISTORIAL!$E$5:$E$2004,$A10,HISTORIAL!$F$5:$F$2004,"Bilbo",HISTORIAL!$G$5:$G$2004,$B10-1,HISTORIAL!$J$5:$J$2004,E10)=0,"sin dato comparable",_xlfn.MAXIFS(HISTORIAL!$K$5:$K$2004,HISTORIAL!$E$5:$E$2004,$A10,HISTORIAL!$F$5:$F$2004,"Bilbo",HISTORIAL!$G$5:$G$2004,$B10-1,HISTORIAL!$J$5:$J$2004,E10)))) | R10: =IF($A10="","",IF(AND(ISNUMBER(Q10),ISNUMBER(F10)),F10-Q10,"")) | S10: =IF($A10="","",SUMIFS(HISTORIAL!$R$5:$R$2004,HISTORIAL!$E$5:$E$2004,$A10,HISTORIAL!$F$5:$F$2004,"Bilbo",HISTORIAL!$G$5:$G$2004,$B10)+SUMIFS(HISTORIAL!$R$5:$R$2004,HISTORIAL!$E$5:$E$2004,$A10,HISTORIAL!$F$5:$F$2004,"Post-Bilbo",HISTORIAL!$G$5:$G$2004,$B10)) | T10: =IF($A10="","",IF(NOT(ISNUMBER(E10)),"",MAX(E10+INDEX(CONFIGURACIÓN!$H$42:$H$56,MATCH($A10,CONFIGURACIÓN!$B$42:$B$56,0)),-INT(-E10*(1+CONFIGURACIÓN!$C$17)/(INDEX(CONFIGURACIÓN!$H$42:$H$56,MATCH($A10,CONFIGURACIÓN!$B$42:$B$56,0))))*(INDEX(CONFIGURACIÓN!$H$42:$H$56,MATCH($A10,CONFIGURACIÓN!$B$42:$B$56,0)))))) | V10: =IF($A10="","",IF(U10="","",IF(NOT(ISNUMBER(E10)),"sin carga inicial registrada",IF(U10>E10,"OK","ERROR: debe ser > "&E10))))
D11: =IF($A11="","",IF(_xlfn.MINIFS(HISTORIAL!$A$5:$A$2004,HISTORIAL!$E$5:$E$2004,$A11,HISTORIAL!$F$5:$F$2004,"Bilbo",HISTORIAL!$G$5:$G$2004,$B11)=0,"",INDEX(HISTORIAL!$B$5:$B$2004,_xlfn.MINIFS(HISTORIAL!$A$5:$A$2004,HISTORIAL!$E$5:$E$2004,$A11,HISTORIAL!$F$5:$F$2004,"Bilbo",HISTORIAL!$G$5:$G$2004,$B11)))) | E11: =IF($A11="","",IF(_xlfn.MINIFS(HISTORIAL!$A$5:$A$2004,HISTORIAL!$E$5:$E$2004,$A11,HISTORIAL!$F$5:$F$2004,"Bilbo",HISTORIAL!$G$5:$G$2004,$B11)=0,"",INDEX(HISTORIAL!$J$5:$J$2004,_xlfn.MINIFS(HISTORIAL!$A$5:$A$2004,HISTORIAL!$E$5:$E$2004,$A11,HISTORIAL!$F$5:$F$2004,"Bilbo",HISTORIAL!$G$5:$G$2004,$B11)))) | F11: =IF($A11="","",IF(_xlfn.MINIFS(HISTORIAL!$A$5:$A$2004,HISTORIAL!$E$5:$E$2004,$A11,HISTORIAL!$F$5:$F$2004,"Bilbo",HISTORIAL!$G$5:$G$2004,$B11)=0,"",INDEX(HISTORIAL!$K$5:$K$2004,_xlfn.MINIFS(HISTORIAL!$A$5:$A$2004,HISTORIAL!$E$5:$E$2004,$A11,HISTORIAL!$F$5:$F$2004,"Bilbo",HISTORIAL!$G$5:$G$2004,$B11)))) | G11: =IF($A11="","",IF(_xlfn.MAXIFS(HISTORIAL!$A$5:$A$2004,HISTORIAL!$E$5:$E$2004,$A11,HISTORIAL!$F$5:$F$2004,"Bilbo",HISTORIAL!$G$5:$G$2004,$B11)=0,"",INDEX(HISTORIAL!$B$5:$B$2004,_xlfn.MAXIFS(HISTORIAL!$A$5:$A$2004,HISTORIAL!$E$5:$E$2004,$A11,HISTORIAL!$F$5:$F$2004,"Bilbo",HISTORIAL!$G$5:$G$2004,$B11)))) | H11: =IF($A11="","",IF(_xlfn.MAXIFS(HISTORIAL!$A$5:$A$2004,HISTORIAL!$E$5:$E$2004,$A11,HISTORIAL!$F$5:$F$2004,"Bilbo",HISTORIAL!$G$5:$G$2004,$B11)=0,"",INDEX(HISTORIAL!$J$5:$J$2004,_xlfn.MAXIFS(HISTORIAL!$A$5:$A$2004,HISTORIAL!$E$5:$E$2004,$A11,HISTORIAL!$F$5:$F$2004,"Bilbo",HISTORIAL!$G$5:$G$2004,$B11)))) | I11: =IF($A11="","",IF(_xlfn.MAXIFS(HISTORIAL!$A$5:$A$2004,HISTORIAL!$E$5:$E$2004,$A11,HISTORIAL!$F$5:$F$2004,"Bilbo",HISTORIAL!$G$5:$G$2004,$B11)=0,"",INDEX(HISTORIAL!$K$5:$K$2004,_xlfn.MAXIFS(HISTORIAL!$A$5:$A$2004,HISTORIAL!$E$5:$E$2004,$A11,HISTORIAL!$F$5:$F$2004,"Bilbo",HISTORIAL!$G$5:$G$2004,$B11)))) | J11: =IF($A11="","",COUNTIFS(HISTORIAL!$E$5:$E$2004,$A11,HISTORIAL!$F$5:$F$2004,"Bilbo",HISTORIAL!$G$5:$G$2004,$B11)) | K11: =IF($A11="","",IF(J11=0,"",_xlfn.MAXIFS(HISTORIAL!$J$5:$J$2004,HISTORIAL!$E$5:$E$2004,$A11,HISTORIAL!$F$5:$F$2004,"Bilbo",HISTORIAL!$G$5:$G$2004,$B11))) | L11: =IF($A11="","",IF(J11=0,"",_xlfn.MAXIFS(HISTORIAL!$K$5:$K$2004,HISTORIAL!$E$5:$E$2004,$A11,HISTORIAL!$F$5:$F$2004,"Bilbo",HISTORIAL!$G$5:$G$2004,$B11,HISTORIAL!$J$5:$J$2004,K11))) | M11: =IF($A11="","",IF(J11=0,"",_xlfn.MAXIFS(HISTORIAL!$T$5:$T$2004,HISTORIAL!$E$5:$E$2004,$A11,HISTORIAL!$F$5:$F$2004,"Bilbo",HISTORIAL!$G$5:$G$2004,$B11))) | N11: =IF($A11="","",IF(J11=0,"",H11-E11)) | O11: =IF($A11="","",IF(COUNTIFS($A$6:$A$105,$A11,$B$6:$B$105,$B11-1)=0,"",SUMIFS($E$6:$E$105,$A$6:$A$105,$A11,$B$6:$B$105,$B11-1))) | P11: =IF($A11="","",IF(OR(O11="",NOT(ISNUMBER(E11))),"—",IF(E11>O11,"OK","ERROR: debe ser > "&O11))) | Q11: =IF($A11="","",IF(OR(O11="",NOT(ISNUMBER(E11))),"",IF(_xlfn.MAXIFS(HISTORIAL!$K$5:$K$2004,HISTORIAL!$E$5:$E$2004,$A11,HISTORIAL!$F$5:$F$2004,"Bilbo",HISTORIAL!$G$5:$G$2004,$B11-1,HISTORIAL!$J$5:$J$2004,E11)=0,"sin dato comparable",_xlfn.MAXIFS(HISTORIAL!$K$5:$K$2004,HISTORIAL!$E$5:$E$2004,$A11,HISTORIAL!$F$5:$F$2004,"Bilbo",HISTORIAL!$G$5:$G$2004,$B11-1,HISTORIAL!$J$5:$J$2004,E11)))) | R11: =IF($A11="","",IF(AND(ISNUMBER(Q11),ISNUMBER(F11)),F11-Q11,"")) | S11: =IF($A11="","",SUMIFS(HISTORIAL!$R$5:$R$2004,HISTORIAL!$E$5:$E$2004,$A11,HISTORIAL!$F$5:$F$2004,"Bilbo",HISTORIAL!$G$5:$G$2004,$B11)+SUMIFS(HISTORIAL!$R$5:$R$2004,HISTORIAL!$E$5:$E$2004,$A11,HISTORIAL!$F$5:$F$2004,"Post-Bilbo",HISTORIAL!$G$5:$G$2004,$B11)) | T11: =IF($A11="","",IF(NOT(ISNUMBER(E11)),"",MAX(E11+INDEX(CONFIGURACIÓN!$H$42:$H$56,MATCH($A11,CONFIGURACIÓN!$B$42:$B$56,0)),-INT(-E11*(1+CONFIGURACIÓN!$C$17)/(INDEX(CONFIGURACIÓN!$H$42:$H$56,MATCH($A11,CONFIGURACIÓN!$B$42:$B$56,0))))*(INDEX(CONFIGURACIÓN!$H$42:$H$56,MATCH($A11,CONFIGURACIÓN!$B$42:$B$56,0)))))) | V11: =IF($A11="","",IF(U11="","",IF(NOT(ISNUMBER(E11)),"sin carga inicial registrada",IF(U11>E11,"OK","ERROR: debe ser > "&E11))))
D12: =IF($A12="","",IF(_xlfn.MINIFS(HISTORIAL!$A$5:$A$2004,HISTORIAL!$E$5:$E$2004,$A12,HISTORIAL!$F$5:$F$2004,"Bilbo",HISTORIAL!$G$5:$G$2004,$B12)=0,"",INDEX(HISTORIAL!$B$5:$B$2004,_xlfn.MINIFS(HISTORIAL!$A$5:$A$2004,HISTORIAL!$E$5:$E$2004,$A12,HISTORIAL!$F$5:$F$2004,"Bilbo",HISTORIAL!$G$5:$G$2004,$B12)))) | E12: =IF($A12="","",IF(_xlfn.MINIFS(HISTORIAL!$A$5:$A$2004,HISTORIAL!$E$5:$E$2004,$A12,HISTORIAL!$F$5:$F$2004,"Bilbo",HISTORIAL!$G$5:$G$2004,$B12)=0,"",INDEX(HISTORIAL!$J$5:$J$2004,_xlfn.MINIFS(HISTORIAL!$A$5:$A$2004,HISTORIAL!$E$5:$E$2004,$A12,HISTORIAL!$F$5:$F$2004,"Bilbo",HISTORIAL!$G$5:$G$2004,$B12)))) | F12: =IF($A12="","",IF(_xlfn.MINIFS(HISTORIAL!$A$5:$A$2004,HISTORIAL!$E$5:$E$2004,$A12,HISTORIAL!$F$5:$F$2004,"Bilbo",HISTORIAL!$G$5:$G$2004,$B12)=0,"",INDEX(HISTORIAL!$K$5:$K$2004,_xlfn.MINIFS(HISTORIAL!$A$5:$A$2004,HISTORIAL!$E$5:$E$2004,$A12,HISTORIAL!$F$5:$F$2004,"Bilbo",HISTORIAL!$G$5:$G$2004,$B12)))) | G12: =IF($A12="","",IF(_xlfn.MAXIFS(HISTORIAL!$A$5:$A$2004,HISTORIAL!$E$5:$E$2004,$A12,HISTORIAL!$F$5:$F$2004,"Bilbo",HISTORIAL!$G$5:$G$2004,$B12)=0,"",INDEX(HISTORIAL!$B$5:$B$2004,_xlfn.MAXIFS(HISTORIAL!$A$5:$A$2004,HISTORIAL!$E$5:$E$2004,$A12,HISTORIAL!$F$5:$F$2004,"Bilbo",HISTORIAL!$G$5:$G$2004,$B12)))) | H12: =IF($A12="","",IF(_xlfn.MAXIFS(HISTORIAL!$A$5:$A$2004,HISTORIAL!$E$5:$E$2004,$A12,HISTORIAL!$F$5:$F$2004,"Bilbo",HISTORIAL!$G$5:$G$2004,$B12)=0,"",INDEX(HISTORIAL!$J$5:$J$2004,_xlfn.MAXIFS(HISTORIAL!$A$5:$A$2004,HISTORIAL!$E$5:$E$2004,$A12,HISTORIAL!$F$5:$F$2004,"Bilbo",HISTORIAL!$G$5:$G$2004,$B12)))) | I12: =IF($A12="","",IF(_xlfn.MAXIFS(HISTORIAL!$A$5:$A$2004,HISTORIAL!$E$5:$E$2004,$A12,HISTORIAL!$F$5:$F$2004,"Bilbo",HISTORIAL!$G$5:$G$2004,$B12)=0,"",INDEX(HISTORIAL!$K$5:$K$2004,_xlfn.MAXIFS(HISTORIAL!$A$5:$A$2004,HISTORIAL!$E$5:$E$2004,$A12,HISTORIAL!$F$5:$F$2004,"Bilbo",HISTORIAL!$G$5:$G$2004,$B12)))) | J12: =IF($A12="","",COUNTIFS(HISTORIAL!$E$5:$E$2004,$A12,HISTORIAL!$F$5:$F$2004,"Bilbo",HISTORIAL!$G$5:$G$2004,$B12)) | K12: =IF($A12="","",IF(J12=0,"",_xlfn.MAXIFS(HISTORIAL!$J$5:$J$2004,HISTORIAL!$E$5:$E$2004,$A12,HISTORIAL!$F$5:$F$2004,"Bilbo",HISTORIAL!$G$5:$G$2004,$B12))) | L12: =IF($A12="","",IF(J12=0,"",_xlfn.MAXIFS(HISTORIAL!$K$5:$K$2004,HISTORIAL!$E$5:$E$2004,$A12,HISTORIAL!$F$5:$F$2004,"Bilbo",HISTORIAL!$G$5:$G$2004,$B12,HISTORIAL!$J$5:$J$2004,K12))) | M12: =IF($A12="","",IF(J12=0,"",_xlfn.MAXIFS(HISTORIAL!$T$5:$T$2004,HISTORIAL!$E$5:$E$2004,$A12,HISTORIAL!$F$5:$F$2004,"Bilbo",HISTORIAL!$G$5:$G$2004,$B12))) | N12: =IF($A12="","",IF(J12=0,"",H12-E12)) | O12: =IF($A12="","",IF(COUNTIFS($A$6:$A$105,$A12,$B$6:$B$105,$B12-1)=0,"",SUMIFS($E$6:$E$105,$A$6:$A$105,$A12,$B$6:$B$105,$B12-1))) | P12: =IF($A12="","",IF(OR(O12="",NOT(ISNUMBER(E12))),"—",IF(E12>O12,"OK","ERROR: debe ser > "&O12))) | Q12: =IF($A12="","",IF(OR(O12="",NOT(ISNUMBER(E12))),"",IF(_xlfn.MAXIFS(HISTORIAL!$K$5:$K$2004,HISTORIAL!$E$5:$E$2004,$A12,HISTORIAL!$F$5:$F$2004,"Bilbo",HISTORIAL!$G$5:$G$2004,$B12-1,HISTORIAL!$J$5:$J$2004,E12)=0,"sin dato comparable",_xlfn.MAXIFS(HISTORIAL!$K$5:$K$2004,HISTORIAL!$E$5:$E$2004,$A12,HISTORIAL!$F$5:$F$2004,"Bilbo",HISTORIAL!$G$5:$G$2004,$B12-1,HISTORIAL!$J$5:$J$2004,E12)))) | R12: =IF($A12="","",IF(AND(ISNUMBER(Q12),ISNUMBER(F12)),F12-Q12,"")) | S12: =IF($A12="","",SUMIFS(HISTORIAL!$R$5:$R$2004,HISTORIAL!$E$5:$E$2004,$A12,HISTORIAL!$F$5:$F$2004,"Bilbo",HISTORIAL!$G$5:$G$2004,$B12)+SUMIFS(HISTORIAL!$R$5:$R$2004,HISTORIAL!$E$5:$E$2004,$A12,HISTORIAL!$F$5:$F$2004,"Post-Bilbo",HISTORIAL!$G$5:$G$2004,$B12)) | T12: =IF($A12="","",IF(NOT(ISNUMBER(E12)),"",MAX(E12+INDEX(CONFIGURACIÓN!$H$42:$H$56,MATCH($A12,CONFIGURACIÓN!$B$42:$B$56,0)),-INT(-E12*(1+CONFIGURACIÓN!$C$17)/(INDEX(CONFIGURACIÓN!$H$42:$H$56,MATCH($A12,CONFIGURACIÓN!$B$42:$B$56,0))))*(INDEX(CONFIGURACIÓN!$H$42:$H$56,MATCH($A12,CONFIGURACIÓN!$B$42:$B$56,0)))))) | V12: =IF($A12="","",IF(U12="","",IF(NOT(ISNUMBER(E12)),"sin carga inicial registrada",IF(U12>E12,"OK","ERROR: debe ser > "&E12))))
D13: =IF($A13="","",IF(_xlfn.MINIFS(HISTORIAL!$A$5:$A$2004,HISTORIAL!$E$5:$E$2004,$A13,HISTORIAL!$F$5:$F$2004,"Bilbo",HISTORIAL!$G$5:$G$2004,$B13)=0,"",INDEX(HISTORIAL!$B$5:$B$2004,_xlfn.MINIFS(HISTORIAL!$A$5:$A$2004,HISTORIAL!$E$5:$E$2004,$A13,HISTORIAL!$F$5:$F$2004,"Bilbo",HISTORIAL!$G$5:$G$2004,$B13)))) | E13: =IF($A13="","",IF(_xlfn.MINIFS(HISTORIAL!$A$5:$A$2004,HISTORIAL!$E$5:$E$2004,$A13,HISTORIAL!$F$5:$F$2004,"Bilbo",HISTORIAL!$G$5:$G$2004,$B13)=0,"",INDEX(HISTORIAL!$J$5:$J$2004,_xlfn.MINIFS(HISTORIAL!$A$5:$A$2004,HISTORIAL!$E$5:$E$2004,$A13,HISTORIAL!$F$5:$F$2004,"Bilbo",HISTORIAL!$G$5:$G$2004,$B13)))) | F13: =IF($A13="","",IF(_xlfn.MINIFS(HISTORIAL!$A$5:$A$2004,HISTORIAL!$E$5:$E$2004,$A13,HISTORIAL!$F$5:$F$2004,"Bilbo",HISTORIAL!$G$5:$G$2004,$B13)=0,"",INDEX(HISTORIAL!$K$5:$K$2004,_xlfn.MINIFS(HISTORIAL!$A$5:$A$2004,HISTORIAL!$E$5:$E$2004,$A13,HISTORIAL!$F$5:$F$2004,"Bilbo",HISTORIAL!$G$5:$G$2004,$B13)))) | G13: =IF($A13="","",IF(_xlfn.MAXIFS(HISTORIAL!$A$5:$A$2004,HISTORIAL!$E$5:$E$2004,$A13,HISTORIAL!$F$5:$F$2004,"Bilbo",HISTORIAL!$G$5:$G$2004,$B13)=0,"",INDEX(HISTORIAL!$B$5:$B$2004,_xlfn.MAXIFS(HISTORIAL!$A$5:$A$2004,HISTORIAL!$E$5:$E$2004,$A13,HISTORIAL!$F$5:$F$2004,"Bilbo",HISTORIAL!$G$5:$G$2004,$B13)))) | H13: =IF($A13="","",IF(_xlfn.MAXIFS(HISTORIAL!$A$5:$A$2004,HISTORIAL!$E$5:$E$2004,$A13,HISTORIAL!$F$5:$F$2004,"Bilbo",HISTORIAL!$G$5:$G$2004,$B13)=0,"",INDEX(HISTORIAL!$J$5:$J$2004,_xlfn.MAXIFS(HISTORIAL!$A$5:$A$2004,HISTORIAL!$E$5:$E$2004,$A13,HISTORIAL!$F$5:$F$2004,"Bilbo",HISTORIAL!$G$5:$G$2004,$B13)))) | I13: =IF($A13="","",IF(_xlfn.MAXIFS(HISTORIAL!$A$5:$A$2004,HISTORIAL!$E$5:$E$2004,$A13,HISTORIAL!$F$5:$F$2004,"Bilbo",HISTORIAL!$G$5:$G$2004,$B13)=0,"",INDEX(HISTORIAL!$K$5:$K$2004,_xlfn.MAXIFS(HISTORIAL!$A$5:$A$2004,HISTORIAL!$E$5:$E$2004,$A13,HISTORIAL!$F$5:$F$2004,"Bilbo",HISTORIAL!$G$5:$G$2004,$B13)))) | J13: =IF($A13="","",COUNTIFS(HISTORIAL!$E$5:$E$2004,$A13,HISTORIAL!$F$5:$F$2004,"Bilbo",HISTORIAL!$G$5:$G$2004,$B13)) | K13: =IF($A13="","",IF(J13=0,"",_xlfn.MAXIFS(HISTORIAL!$J$5:$J$2004,HISTORIAL!$E$5:$E$2004,$A13,HISTORIAL!$F$5:$F$2004,"Bilbo",HISTORIAL!$G$5:$G$2004,$B13))) | L13: =IF($A13="","",IF(J13=0,"",_xlfn.MAXIFS(HISTORIAL!$K$5:$K$2004,HISTORIAL!$E$5:$E$2004,$A13,HISTORIAL!$F$5:$F$2004,"Bilbo",HISTORIAL!$G$5:$G$2004,$B13,HISTORIAL!$J$5:$J$2004,K13))) | M13: =IF($A13="","",IF(J13=0,"",_xlfn.MAXIFS(HISTORIAL!$T$5:$T$2004,HISTORIAL!$E$5:$E$2004,$A13,HISTORIAL!$F$5:$F$2004,"Bilbo",HISTORIAL!$G$5:$G$2004,$B13))) | N13: =IF($A13="","",IF(J13=0,"",H13-E13)) | O13: =IF($A13="","",IF(COUNTIFS($A$6:$A$105,$A13,$B$6:$B$105,$B13-1)=0,"",SUMIFS($E$6:$E$105,$A$6:$A$105,$A13,$B$6:$B$105,$B13-1))) | P13: =IF($A13="","",IF(OR(O13="",NOT(ISNUMBER(E13))),"—",IF(E13>O13,"OK","ERROR: debe ser > "&O13))) | Q13: =IF($A13="","",IF(OR(O13="",NOT(ISNUMBER(E13))),"",IF(_xlfn.MAXIFS(HISTORIAL!$K$5:$K$2004,HISTORIAL!$E$5:$E$2004,$A13,HISTORIAL!$F$5:$F$2004,"Bilbo",HISTORIAL!$G$5:$G$2004,$B13-1,HISTORIAL!$J$5:$J$2004,E13)=0,"sin dato comparable",_xlfn.MAXIFS(HISTORIAL!$K$5:$K$2004,HISTORIAL!$E$5:$E$2004,$A13,HISTORIAL!$F$5:$F$2004,"Bilbo",HISTORIAL!$G$5:$G$2004,$B13-1,HISTORIAL!$J$5:$J$2004,E13)))) | R13: =IF($A13="","",IF(AND(ISNUMBER(Q13),ISNUMBER(F13)),F13-Q13,"")) | S13: =IF($A13="","",SUMIFS(HISTORIAL!$R$5:$R$2004,HISTORIAL!$E$5:$E$2004,$A13,HISTORIAL!$F$5:$F$2004,"Bilbo",HISTORIAL!$G$5:$G$2004,$B13)+SUMIFS(HISTORIAL!$R$5:$R$2004,HISTORIAL!$E$5:$E$2004,$A13,HISTORIAL!$F$5:$F$2004,"Post-Bilbo",HISTORIAL!$G$5:$G$2004,$B13)) | T13: =IF($A13="","",IF(NOT(ISNUMBER(E13)),"",MAX(E13+INDEX(CONFIGURACIÓN!$H$42:$H$56,MATCH($A13,CONFIGURACIÓN!$B$42:$B$56,0)),-INT(-E13*(1+CONFIGURACIÓN!$C$17)/(INDEX(CONFIGURACIÓN!$H$42:$H$56,MATCH($A13,CONFIGURACIÓN!$B$42:$B$56,0))))*(INDEX(CONFIGURACIÓN!$H$42:$H$56,MATCH($A13,CONFIGURACIÓN!$B$42:$B$56,0)))))) | V13: =IF($A13="","",IF(U13="","",IF(NOT(ISNUMBER(E13)),"sin carga inicial registrada",IF(U13>E13,"OK","ERROR: debe ser > "&E13))))
D14: =IF($A14="","",IF(_xlfn.MINIFS(HISTORIAL!$A$5:$A$2004,HISTORIAL!$E$5:$E$2004,$A14,HISTORIAL!$F$5:$F$2004,"Bilbo",HISTORIAL!$G$5:$G$2004,$B14)=0,"",INDEX(HISTORIAL!$B$5:$B$2004,_xlfn.MINIFS(HISTORIAL!$A$5:$A$2004,HISTORIAL!$E$5:$E$2004,$A14,HISTORIAL!$F$5:$F$2004,"Bilbo",HISTORIAL!$G$5:$G$2004,$B14)))) | E14: =IF($A14="","",IF(_xlfn.MINIFS(HISTORIAL!$A$5:$A$2004,HISTORIAL!$E$5:$E$2004,$A14,HISTORIAL!$F$5:$F$2004,"Bilbo",HISTORIAL!$G$5:$G$2004,$B14)=0,"",INDEX(HISTORIAL!$J$5:$J$2004,_xlfn.MINIFS(HISTORIAL!$A$5:$A$2004,HISTORIAL!$E$5:$E$2004,$A14,HISTORIAL!$F$5:$F$2004,"Bilbo",HISTORIAL!$G$5:$G$2004,$B14)))) | F14: =IF($A14="","",IF(_xlfn.MINIFS(HISTORIAL!$A$5:$A$2004,HISTORIAL!$E$5:$E$2004,$A14,HISTORIAL!$F$5:$F$2004,"Bilbo",HISTORIAL!$G$5:$G$2004,$B14)=0,"",INDEX(HISTORIAL!$K$5:$K$2004,_xlfn.MINIFS(HISTORIAL!$A$5:$A$2004,HISTORIAL!$E$5:$E$2004,$A14,HISTORIAL!$F$5:$F$2004,"Bilbo",HISTORIAL!$G$5:$G$2004,$B14)))) | G14: =IF($A14="","",IF(_xlfn.MAXIFS(HISTORIAL!$A$5:$A$2004,HISTORIAL!$E$5:$E$2004,$A14,HISTORIAL!$F$5:$F$2004,"Bilbo",HISTORIAL!$G$5:$G$2004,$B14)=0,"",INDEX(HISTORIAL!$B$5:$B$2004,_xlfn.MAXIFS(HISTORIAL!$A$5:$A$2004,HISTORIAL!$E$5:$E$2004,$A14,HISTORIAL!$F$5:$F$2004,"Bilbo",HISTORIAL!$G$5:$G$2004,$B14)))) | H14: =IF($A14="","",IF(_xlfn.MAXIFS(HISTORIAL!$A$5:$A$2004,HISTORIAL!$E$5:$E$2004,$A14,HISTORIAL!$F$5:$F$2004,"Bilbo",HISTORIAL!$G$5:$G$2004,$B14)=0,"",INDEX(HISTORIAL!$J$5:$J$2004,_xlfn.MAXIFS(HISTORIAL!$A$5:$A$2004,HISTORIAL!$E$5:$E$2004,$A14,HISTORIAL!$F$5:$F$2004,"Bilbo",HISTORIAL!$G$5:$G$2004,$B14)))) | I14: =IF($A14="","",IF(_xlfn.MAXIFS(HISTORIAL!$A$5:$A$2004,HISTORIAL!$E$5:$E$2004,$A14,HISTORIAL!$F$5:$F$2004,"Bilbo",HISTORIAL!$G$5:$G$2004,$B14)=0,"",INDEX(HISTORIAL!$K$5:$K$2004,_xlfn.MAXIFS(HISTORIAL!$A$5:$A$2004,HISTORIAL!$E$5:$E$2004,$A14,HISTORIAL!$F$5:$F$2004,"Bilbo",HISTORIAL!$G$5:$G$2004,$B14)))) | J14: =IF($A14="","",COUNTIFS(HISTORIAL!$E$5:$E$2004,$A14,HISTORIAL!$F$5:$F$2004,"Bilbo",HISTORIAL!$G$5:$G$2004,$B14)) | K14: =IF($A14="","",IF(J14=0,"",_xlfn.MAXIFS(HISTORIAL!$J$5:$J$2004,HISTORIAL!$E$5:$E$2004,$A14,HISTORIAL!$F$5:$F$2004,"Bilbo",HISTORIAL!$G$5:$G$2004,$B14))) | L14: =IF($A14="","",IF(J14=0,"",_xlfn.MAXIFS(HISTORIAL!$K$5:$K$2004,HISTORIAL!$E$5:$E$2004,$A14,HISTORIAL!$F$5:$F$2004,"Bilbo",HISTORIAL!$G$5:$G$2004,$B14,HISTORIAL!$J$5:$J$2004,K14))) | M14: =IF($A14="","",IF(J14=0,"",_xlfn.MAXIFS(HISTORIAL!$T$5:$T$2004,HISTORIAL!$E$5:$E$2004,$A14,HISTORIAL!$F$5:$F$2004,"Bilbo",HISTORIAL!$G$5:$G$2004,$B14))) | N14: =IF($A14="","",IF(J14=0,"",H14-E14)) | O14: =IF($A14="","",IF(COUNTIFS($A$6:$A$105,$A14,$B$6:$B$105,$B14-1)=0,"",SUMIFS($E$6:$E$105,$A$6:$A$105,$A14,$B$6:$B$105,$B14-1))) | P14: =IF($A14="","",IF(OR(O14="",NOT(ISNUMBER(E14))),"—",IF(E14>O14,"OK","ERROR: debe ser > "&O14))) | Q14: =IF($A14="","",IF(OR(O14="",NOT(ISNUMBER(E14))),"",IF(_xlfn.MAXIFS(HISTORIAL!$K$5:$K$2004,HISTORIAL!$E$5:$E$2004,$A14,HISTORIAL!$F$5:$F$2004,"Bilbo",HISTORIAL!$G$5:$G$2004,$B14-1,HISTORIAL!$J$5:$J$2004,E14)=0,"sin dato comparable",_xlfn.MAXIFS(HISTORIAL!$K$5:$K$2004,HISTORIAL!$E$5:$E$2004,$A14,HISTORIAL!$F$5:$F$2004,"Bilbo",HISTORIAL!$G$5:$G$2004,$B14-1,HISTORIAL!$J$5:$J$2004,E14)))) | R14: =IF($A14="","",IF(AND(ISNUMBER(Q14),ISNUMBER(F14)),F14-Q14,"")) | S14: =IF($A14="","",SUMIFS(HISTORIAL!$R$5:$R$2004,HISTORIAL!$E$5:$E$2004,$A14,HISTORIAL!$F$5:$F$2004,"Bilbo",HISTORIAL!$G$5:$G$2004,$B14)+SUMIFS(HISTORIAL!$R$5:$R$2004,HISTORIAL!$E$5:$E$2004,$A14,HISTORIAL!$F$5:$F$2004,"Post-Bilbo",HISTORIAL!$G$5:$G$2004,$B14)) | T14: =IF($A14="","",IF(NOT(ISNUMBER(E14)),"",MAX(E14+INDEX(CONFIGURACIÓN!$H$42:$H$56,MATCH($A14,CONFIGURACIÓN!$B$42:$B$56,0)),-INT(-E14*(1+CONFIGURACIÓN!$C$17)/(INDEX(CONFIGURACIÓN!$H$42:$H$56,MATCH($A14,CONFIGURACIÓN!$B$42:$B$56,0))))*(INDEX(CONFIGURACIÓN!$H$42:$H$56,MATCH($A14,CONFIGURACIÓN!$B$42:$B$56,0)))))) | V14: =IF($A14="","",IF(U14="","",IF(NOT(ISNUMBER(E14)),"sin carga inicial registrada",IF(U14>E14,"OK","ERROR: debe ser > "&E14))))
D15: =IF($A15="","",IF(_xlfn.MINIFS(HISTORIAL!$A$5:$A$2004,HISTORIAL!$E$5:$E$2004,$A15,HISTORIAL!$F$5:$F$2004,"Bilbo",HISTORIAL!$G$5:$G$2004,$B15)=0,"",INDEX(HISTORIAL!$B$5:$B$2004,_xlfn.MINIFS(HISTORIAL!$A$5:$A$2004,HISTORIAL!$E$5:$E$2004,$A15,HISTORIAL!$F$5:$F$2004,"Bilbo",HISTORIAL!$G$5:$G$2004,$B15)))) | E15: =IF($A15="","",IF(_xlfn.MINIFS(HISTORIAL!$A$5:$A$2004,HISTORIAL!$E$5:$E$2004,$A15,HISTORIAL!$F$5:$F$2004,"Bilbo",HISTORIAL!$G$5:$G$2004,$B15)=0,"",INDEX(HISTORIAL!$J$5:$J$2004,_xlfn.MINIFS(HISTORIAL!$A$5:$A$2004,HISTORIAL!$E$5:$E$2004,$A15,HISTORIAL!$F$5:$F$2004,"Bilbo",HISTORIAL!$G$5:$G$2004,$B15)))) | F15: =IF($A15="","",IF(_xlfn.MINIFS(HISTORIAL!$A$5:$A$2004,HISTORIAL!$E$5:$E$2004,$A15,HISTORIAL!$F$5:$F$2004,"Bilbo",HISTORIAL!$G$5:$G$2004,$B15)=0,"",INDEX(HISTORIAL!$K$5:$K$2004,_xlfn.MINIFS(HISTORIAL!$A$5:$A$2004,HISTORIAL!$E$5:$E$2004,$A15,HISTORIAL!$F$5:$F$2004,"Bilbo",HISTORIAL!$G$5:$G$2004,$B15)))) | G15: =IF($A15="","",IF(_xlfn.MAXIFS(HISTORIAL!$A$5:$A$2004,HISTORIAL!$E$5:$E$2004,$A15,HISTORIAL!$F$5:$F$2004,"Bilbo",HISTORIAL!$G$5:$G$2004,$B15)=0,"",INDEX(HISTORIAL!$B$5:$B$2004,_xlfn.MAXIFS(HISTORIAL!$A$5:$A$2004,HISTORIAL!$E$5:$E$2004,$A15,HISTORIAL!$F$5:$F$2004,"Bilbo",HISTORIAL!$G$5:$G$2004,$B15)))) | H15: =IF($A15="","",IF(_xlfn.MAXIFS(HISTORIAL!$A$5:$A$2004,HISTORIAL!$E$5:$E$2004,$A15,HISTORIAL!$F$5:$F$2004,"Bilbo",HISTORIAL!$G$5:$G$2004,$B15)=0,"",INDEX(HISTORIAL!$J$5:$J$2004,_xlfn.MAXIFS(HISTORIAL!$A$5:$A$2004,HISTORIAL!$E$5:$E$2004,$A15,HISTORIAL!$F$5:$F$2004,"Bilbo",HISTORIAL!$G$5:$G$2004,$B15)))) | I15: =IF($A15="","",IF(_xlfn.MAXIFS(HISTORIAL!$A$5:$A$2004,HISTORIAL!$E$5:$E$2004,$A15,HISTORIAL!$F$5:$F$2004,"Bilbo",HISTORIAL!$G$5:$G$2004,$B15)=0,"",INDEX(HISTORIAL!$K$5:$K$2004,_xlfn.MAXIFS(HISTORIAL!$A$5:$A$2004,HISTORIAL!$E$5:$E$2004,$A15,HISTORIAL!$F$5:$F$2004,"Bilbo",HISTORIAL!$G$5:$G$2004,$B15)))) | J15: =IF($A15="","",COUNTIFS(HISTORIAL!$E$5:$E$2004,$A15,HISTORIAL!$F$5:$F$2004,"Bilbo",HISTORIAL!$G$5:$G$2004,$B15)) | K15: =IF($A15="","",IF(J15=0,"",_xlfn.MAXIFS(HISTORIAL!$J$5:$J$2004,HISTORIAL!$E$5:$E$2004,$A15,HISTORIAL!$F$5:$F$2004,"Bilbo",HISTORIAL!$G$5:$G$2004,$B15))) | L15: =IF($A15="","",IF(J15=0,"",_xlfn.MAXIFS(HISTORIAL!$K$5:$K$2004,HISTORIAL!$E$5:$E$2004,$A15,HISTORIAL!$F$5:$F$2004,"Bilbo",HISTORIAL!$G$5:$G$2004,$B15,HISTORIAL!$J$5:$J$2004,K15))) | M15: =IF($A15="","",IF(J15=0,"",_xlfn.MAXIFS(HISTORIAL!$T$5:$T$2004,HISTORIAL!$E$5:$E$2004,$A15,HISTORIAL!$F$5:$F$2004,"Bilbo",HISTORIAL!$G$5:$G$2004,$B15))) | N15: =IF($A15="","",IF(J15=0,"",H15-E15)) | O15: =IF($A15="","",IF(COUNTIFS($A$6:$A$105,$A15,$B$6:$B$105,$B15-1)=0,"",SUMIFS($E$6:$E$105,$A$6:$A$105,$A15,$B$6:$B$105,$B15-1))) | P15: =IF($A15="","",IF(OR(O15="",NOT(ISNUMBER(E15))),"—",IF(E15>O15,"OK","ERROR: debe ser > "&O15))) | Q15: =IF($A15="","",IF(OR(O15="",NOT(ISNUMBER(E15))),"",IF(_xlfn.MAXIFS(HISTORIAL!$K$5:$K$2004,HISTORIAL!$E$5:$E$2004,$A15,HISTORIAL!$F$5:$F$2004,"Bilbo",HISTORIAL!$G$5:$G$2004,$B15-1,HISTORIAL!$J$5:$J$2004,E15)=0,"sin dato comparable",_xlfn.MAXIFS(HISTORIAL!$K$5:$K$2004,HISTORIAL!$E$5:$E$2004,$A15,HISTORIAL!$F$5:$F$2004,"Bilbo",HISTORIAL!$G$5:$G$2004,$B15-1,HISTORIAL!$J$5:$J$2004,E15)))) | R15: =IF($A15="","",IF(AND(ISNUMBER(Q15),ISNUMBER(F15)),F15-Q15,"")) | S15: =IF($A15="","",SUMIFS(HISTORIAL!$R$5:$R$2004,HISTORIAL!$E$5:$E$2004,$A15,HISTORIAL!$F$5:$F$2004,"Bilbo",HISTORIAL!$G$5:$G$2004,$B15)+SUMIFS(HISTORIAL!$R$5:$R$2004,HISTORIAL!$E$5:$E$2004,$A15,HISTORIAL!$F$5:$F$2004,"Post-Bilbo",HISTORIAL!$G$5:$G$2004,$B15)) | T15: =IF($A15="","",IF(NOT(ISNUMBER(E15)),"",MAX(E15+INDEX(CONFIGURACIÓN!$H$42:$H$56,MATCH($A15,CONFIGURACIÓN!$B$42:$B$56,0)),-INT(-E15*(1+CONFIGURACIÓN!$C$17)/(INDEX(CONFIGURACIÓN!$H$42:$H$56,MATCH($A15,CONFIGURACIÓN!$B$42:$B$56,0))))*(INDEX(CONFIGURACIÓN!$H$42:$H$56,MATCH($A15,CONFIGURACIÓN!$B$42:$B$56,0)))))) | V15: =IF($A15="","",IF(U15="","",IF(NOT(ISNUMBER(E15)),"sin carga inicial registrada",IF(U15>E15,"OK","ERROR: debe ser > "&E15))))
D16: =IF($A16="","",IF(_xlfn.MINIFS(HISTORIAL!$A$5:$A$2004,HISTORIAL!$E$5:$E$2004,$A16,HISTORIAL!$F$5:$F$2004,"Bilbo",HISTORIAL!$G$5:$G$2004,$B16)=0,"",INDEX(HISTORIAL!$B$5:$B$2004,_xlfn.MINIFS(HISTORIAL!$A$5:$A$2004,HISTORIAL!$E$5:$E$2004,$A16,HISTORIAL!$F$5:$F$2004,"Bilbo",HISTORIAL!$G$5:$G$2004,$B16)))) | E16: =IF($A16="","",IF(_xlfn.MINIFS(HISTORIAL!$A$5:$A$2004,HISTORIAL!$E$5:$E$2004,$A16,HISTORIAL!$F$5:$F$2004,"Bilbo",HISTORIAL!$G$5:$G$2004,$B16)=0,"",INDEX(HISTORIAL!$J$5:$J$2004,_xlfn.MINIFS(HISTORIAL!$A$5:$A$2004,HISTORIAL!$E$5:$E$2004,$A16,HISTORIAL!$F$5:$F$2004,"Bilbo",HISTORIAL!$G$5:$G$2004,$B16)))) | F16: =IF($A16="","",IF(_xlfn.MINIFS(HISTORIAL!$A$5:$A$2004,HISTORIAL!$E$5:$E$2004,$A16,HISTORIAL!$F$5:$F$2004,"Bilbo",HISTORIAL!$G$5:$G$2004,$B16)=0,"",INDEX(HISTORIAL!$K$5:$K$2004,_xlfn.MINIFS(HISTORIAL!$A$5:$A$2004,HISTORIAL!$E$5:$E$2004,$A16,HISTORIAL!$F$5:$F$2004,"Bilbo",HISTORIAL!$G$5:$G$2004,$B16)))) | G16: =IF($A16="","",IF(_xlfn.MAXIFS(HISTORIAL!$A$5:$A$2004,HISTORIAL!$E$5:$E$2004,$A16,HISTORIAL!$F$5:$F$2004,"Bilbo",HISTORIAL!$G$5:$G$2004,$B16)=0,"",INDEX(HISTORIAL!$B$5:$B$2004,_xlfn.MAXIFS(HISTORIAL!$A$5:$A$2004,HISTORIAL!$E$5:$E$2004,$A16,HISTORIAL!$F$5:$F$2004,"Bilbo",HISTORIAL!$G$5:$G$2004,$B16)))) | H16: =IF($A16="","",IF(_xlfn.MAXIFS(HISTORIAL!$A$5:$A$2004,HISTORIAL!$E$5:$E$2004,$A16,HISTORIAL!$F$5:$F$2004,"Bilbo",HISTORIAL!$G$5:$G$2004,$B16)=0,"",INDEX(HISTORIAL!$J$5:$J$2004,_xlfn.MAXIFS(HISTORIAL!$A$5:$A$2004,HISTORIAL!$E$5:$E$2004,$A16,HISTORIAL!$F$5:$F$2004,"Bilbo",HISTORIAL!$G$5:$G$2004,$B16)))) | I16: =IF($A16="","",IF(_xlfn.MAXIFS(HISTORIAL!$A$5:$A$2004,HISTORIAL!$E$5:$E$2004,$A16,HISTORIAL!$F$5:$F$2004,"Bilbo",HISTORIAL!$G$5:$G$2004,$B16)=0,"",INDEX(HISTORIAL!$K$5:$K$2004,_xlfn.MAXIFS(HISTORIAL!$A$5:$A$2004,HISTORIAL!$E$5:$E$2004,$A16,HISTORIAL!$F$5:$F$2004,"Bilbo",HISTORIAL!$G$5:$G$2004,$B16)))) | J16: =IF($A16="","",COUNTIFS(HISTORIAL!$E$5:$E$2004,$A16,HISTORIAL!$F$5:$F$2004,"Bilbo",HISTORIAL!$G$5:$G$2004,$B16)) | K16: =IF($A16="","",IF(J16=0,"",_xlfn.MAXIFS(HISTORIAL!$J$5:$J$2004,HISTORIAL!$E$5:$E$2004,$A16,HISTORIAL!$F$5:$F$2004,"Bilbo",HISTORIAL!$G$5:$G$2004,$B16))) | L16: =IF($A16="","",IF(J16=0,"",_xlfn.MAXIFS(HISTORIAL!$K$5:$K$2004,HISTORIAL!$E$5:$E$2004,$A16,HISTORIAL!$F$5:$F$2004,"Bilbo",HISTORIAL!$G$5:$G$2004,$B16,HISTORIAL!$J$5:$J$2004,K16))) | M16: =IF($A16="","",IF(J16=0,"",_xlfn.MAXIFS(HISTORIAL!$T$5:$T$2004,HISTORIAL!$E$5:$E$2004,$A16,HISTORIAL!$F$5:$F$2004,"Bilbo",HISTORIAL!$G$5:$G$2004,$B16))) | N16: =IF($A16="","",IF(J16=0,"",H16-E16)) | O16: =IF($A16="","",IF(COUNTIFS($A$6:$A$105,$A16,$B$6:$B$105,$B16-1)=0,"",SUMIFS($E$6:$E$105,$A$6:$A$105,$A16,$B$6:$B$105,$B16-1))) | P16: =IF($A16="","",IF(OR(O16="",NOT(ISNUMBER(E16))),"—",IF(E16>O16,"OK","ERROR: debe ser > "&O16))) | Q16: =IF($A16="","",IF(OR(O16="",NOT(ISNUMBER(E16))),"",IF(_xlfn.MAXIFS(HISTORIAL!$K$5:$K$2004,HISTORIAL!$E$5:$E$2004,$A16,HISTORIAL!$F$5:$F$2004,"Bilbo",HISTORIAL!$G$5:$G$2004,$B16-1,HISTORIAL!$J$5:$J$2004,E16)=0,"sin dato comparable",_xlfn.MAXIFS(HISTORIAL!$K$5:$K$2004,HISTORIAL!$E$5:$E$2004,$A16,HISTORIAL!$F$5:$F$2004,"Bilbo",HISTORIAL!$G$5:$G$2004,$B16-1,HISTORIAL!$J$5:$J$2004,E16)))) | R16: =IF($A16="","",IF(AND(ISNUMBER(Q16),ISNUMBER(F16)),F16-Q16,"")) | S16: =IF($A16="","",SUMIFS(HISTORIAL!$R$5:$R$2004,HISTORIAL!$E$5:$E$2004,$A16,HISTORIAL!$F$5:$F$2004,"Bilbo",HISTORIAL!$G$5:$G$2004,$B16)+SUMIFS(HISTORIAL!$R$5:$R$2004,HISTORIAL!$E$5:$E$2004,$A16,HISTORIAL!$F$5:$F$2004,"Post-Bilbo",HISTORIAL!$G$5:$G$2004,$B16)) | T16: =IF($A16="","",IF(NOT(ISNUMBER(E16)),"",MAX(E16+INDEX(CONFIGURACIÓN!$H$42:$H$56,MATCH($A16,CONFIGURACIÓN!$B$42:$B$56,0)),-INT(-E16*(1+CONFIGURACIÓN!$C$17)/(INDEX(CONFIGURACIÓN!$H$42:$H$56,MATCH($A16,CONFIGURACIÓN!$B$42:$B$56,0))))*(INDEX(CONFIGURACIÓN!$H$42:$H$56,MATCH($A16,CONFIGURACIÓN!$B$42:$B$56,0)))))) | V16: =IF($A16="","",IF(U16="","",IF(NOT(ISNUMBER(E16)),"sin carga inicial registrada",IF(U16>E16,"OK","ERROR: debe ser > "&E16))))
D17: =IF($A17="","",IF(_xlfn.MINIFS(HISTORIAL!$A$5:$A$2004,HISTORIAL!$E$5:$E$2004,$A17,HISTORIAL!$F$5:$F$2004,"Bilbo",HISTORIAL!$G$5:$G$2004,$B17)=0,"",INDEX(HISTORIAL!$B$5:$B$2004,_xlfn.MINIFS(HISTORIAL!$A$5:$A$2004,HISTORIAL!$E$5:$E$2004,$A17,HISTORIAL!$F$5:$F$2004,"Bilbo",HISTORIAL!$G$5:$G$2004,$B17)))) | E17: =IF($A17="","",IF(_xlfn.MINIFS(HISTORIAL!$A$5:$A$2004,HISTORIAL!$E$5:$E$2004,$A17,HISTORIAL!$F$5:$F$2004,"Bilbo",HISTORIAL!$G$5:$G$2004,$B17)=0,"",INDEX(HISTORIAL!$J$5:$J$2004,_xlfn.MINIFS(HISTORIAL!$A$5:$A$2004,HISTORIAL!$E$5:$E$2004,$A17,HISTORIAL!$F$5:$F$2004,"Bilbo",HISTORIAL!$G$5:$G$2004,$B17)))) | F17: =IF($A17="","",IF(_xlfn.MINIFS(HISTORIAL!$A$5:$A$2004,HISTORIAL!$E$5:$E$2004,$A17,HISTORIAL!$F$5:$F$2004,"Bilbo",HISTORIAL!$G$5:$G$2004,$B17)=0,"",INDEX(HISTORIAL!$K$5:$K$2004,_xlfn.MINIFS(HISTORIAL!$A$5:$A$2004,HISTORIAL!$E$5:$E$2004,$A17,HISTORIAL!$F$5:$F$2004,"Bilbo",HISTORIAL!$G$5:$G$2004,$B17)))) | G17: =IF($A17="","",IF(_xlfn.MAXIFS(HISTORIAL!$A$5:$A$2004,HISTORIAL!$E$5:$E$2004,$A17,HISTORIAL!$F$5:$F$2004,"Bilbo",HISTORIAL!$G$5:$G$2004,$B17)=0,"",INDEX(HISTORIAL!$B$5:$B$2004,_xlfn.MAXIFS(HISTORIAL!$A$5:$A$2004,HISTORIAL!$E$5:$E$2004,$A17,HISTORIAL!$F$5:$F$2004,"Bilbo",HISTORIAL!$G$5:$G$2004,$B17)))) | H17: =IF($A17="","",IF(_xlfn.MAXIFS(HISTORIAL!$A$5:$A$2004,HISTORIAL!$E$5:$E$2004,$A17,HISTORIAL!$F$5:$F$2004,"Bilbo",HISTORIAL!$G$5:$G$2004,$B17)=0,"",INDEX(HISTORIAL!$J$5:$J$2004,_xlfn.MAXIFS(HISTORIAL!$A$5:$A$2004,HISTORIAL!$E$5:$E$2004,$A17,HISTORIAL!$F$5:$F$2004,"Bilbo",HISTORIAL!$G$5:$G$2004,$B17)))) | I17: =IF($A17="","",IF(_xlfn.MAXIFS(HISTORIAL!$A$5:$A$2004,HISTORIAL!$E$5:$E$2004,$A17,HISTORIAL!$F$5:$F$2004,"Bilbo",HISTORIAL!$G$5:$G$2004,$B17)=0,"",INDEX(HISTORIAL!$K$5:$K$2004,_xlfn.MAXIFS(HISTORIAL!$A$5:$A$2004,HISTORIAL!$E$5:$E$2004,$A17,HISTORIAL!$F$5:$F$2004,"Bilbo",HISTORIAL!$G$5:$G$2004,$B17)))) | J17: =IF($A17="","",COUNTIFS(HISTORIAL!$E$5:$E$2004,$A17,HISTORIAL!$F$5:$F$2004,"Bilbo",HISTORIAL!$G$5:$G$2004,$B17)) | K17: =IF($A17="","",IF(J17=0,"",_xlfn.MAXIFS(HISTORIAL!$J$5:$J$2004,HISTORIAL!$E$5:$E$2004,$A17,HISTORIAL!$F$5:$F$2004,"Bilbo",HISTORIAL!$G$5:$G$2004,$B17))) | L17: =IF($A17="","",IF(J17=0,"",_xlfn.MAXIFS(HISTORIAL!$K$5:$K$2004,HISTORIAL!$E$5:$E$2004,$A17,HISTORIAL!$F$5:$F$2004,"Bilbo",HISTORIAL!$G$5:$G$2004,$B17,HISTORIAL!$J$5:$J$2004,K17))) | M17: =IF($A17="","",IF(J17=0,"",_xlfn.MAXIFS(HISTORIAL!$T$5:$T$2004,HISTORIAL!$E$5:$E$2004,$A17,HISTORIAL!$F$5:$F$2004,"Bilbo",HISTORIAL!$G$5:$G$2004,$B17))) | N17: =IF($A17="","",IF(J17=0,"",H17-E17)) | O17: =IF($A17="","",IF(COUNTIFS($A$6:$A$105,$A17,$B$6:$B$105,$B17-1)=0,"",SUMIFS($E$6:$E$105,$A$6:$A$105,$A17,$B$6:$B$105,$B17-1))) | P17: =IF($A17="","",IF(OR(O17="",NOT(ISNUMBER(E17))),"—",IF(E17>O17,"OK","ERROR: debe ser > "&O17))) | Q17: =IF($A17="","",IF(OR(O17="",NOT(ISNUMBER(E17))),"",IF(_xlfn.MAXIFS(HISTORIAL!$K$5:$K$2004,HISTORIAL!$E$5:$E$2004,$A17,HISTORIAL!$F$5:$F$2004,"Bilbo",HISTORIAL!$G$5:$G$2004,$B17-1,HISTORIAL!$J$5:$J$2004,E17)=0,"sin dato comparable",_xlfn.MAXIFS(HISTORIAL!$K$5:$K$2004,HISTORIAL!$E$5:$E$2004,$A17,HISTORIAL!$F$5:$F$2004,"Bilbo",HISTORIAL!$G$5:$G$2004,$B17-1,HISTORIAL!$J$5:$J$2004,E17)))) | R17: =IF($A17="","",IF(AND(ISNUMBER(Q17),ISNUMBER(F17)),F17-Q17,"")) | S17: =IF($A17="","",SUMIFS(HISTORIAL!$R$5:$R$2004,HISTORIAL!$E$5:$E$2004,$A17,HISTORIAL!$F$5:$F$2004,"Bilbo",HISTORIAL!$G$5:$G$2004,$B17)+SUMIFS(HISTORIAL!$R$5:$R$2004,HISTORIAL!$E$5:$E$2004,$A17,HISTORIAL!$F$5:$F$2004,"Post-Bilbo",HISTORIAL!$G$5:$G$2004,$B17)) | T17: =IF($A17="","",IF(NOT(ISNUMBER(E17)),"",MAX(E17+INDEX(CONFIGURACIÓN!$H$42:$H$56,MATCH($A17,CONFIGURACIÓN!$B$42:$B$56,0)),-INT(-E17*(1+CONFIGURACIÓN!$C$17)/(INDEX(CONFIGURACIÓN!$H$42:$H$56,MATCH($A17,CONFIGURACIÓN!$B$42:$B$56,0))))*(INDEX(CONFIGURACIÓN!$H$42:$H$56,MATCH($A17,CONFIGURACIÓN!$B$42:$B$56,0)))))) | V17: =IF($A17="","",IF(U17="","",IF(NOT(ISNUMBER(E17)),"sin carga inicial registrada",IF(U17>E17,"OK","ERROR: debe ser > "&E17))))
D18: =IF($A18="","",IF(_xlfn.MINIFS(HISTORIAL!$A$5:$A$2004,HISTORIAL!$E$5:$E$2004,$A18,HISTORIAL!$F$5:$F$2004,"Bilbo",HISTORIAL!$G$5:$G$2004,$B18)=0,"",INDEX(HISTORIAL!$B$5:$B$2004,_xlfn.MINIFS(HISTORIAL!$A$5:$A$2004,HISTORIAL!$E$5:$E$2004,$A18,HISTORIAL!$F$5:$F$2004,"Bilbo",HISTORIAL!$G$5:$G$2004,$B18)))) | E18: =IF($A18="","",IF(_xlfn.MINIFS(HISTORIAL!$A$5:$A$2004,HISTORIAL!$E$5:$E$2004,$A18,HISTORIAL!$F$5:$F$2004,"Bilbo",HISTORIAL!$G$5:$G$2004,$B18)=0,"",INDEX(HISTORIAL!$J$5:$J$2004,_xlfn.MINIFS(HISTORIAL!$A$5:$A$2004,HISTORIAL!$E$5:$E$2004,$A18,HISTORIAL!$F$5:$F$2004,"Bilbo",HISTORIAL!$G$5:$G$2004,$B18)))) | F18: =IF($A18="","",IF(_xlfn.MINIFS(HISTORIAL!$A$5:$A$2004,HISTORIAL!$E$5:$E$2004,$A18,HISTORIAL!$F$5:$F$2004,"Bilbo",HISTORIAL!$G$5:$G$2004,$B18)=0,"",INDEX(HISTORIAL!$K$5:$K$2004,_xlfn.MINIFS(HISTORIAL!$A$5:$A$2004,HISTORIAL!$E$5:$E$2004,$A18,HISTORIAL!$F$5:$F$2004,"Bilbo",HISTORIAL!$G$5:$G$2004,$B18)))) | G18: =IF($A18="","",IF(_xlfn.MAXIFS(HISTORIAL!$A$5:$A$2004,HISTORIAL!$E$5:$E$2004,$A18,HISTORIAL!$F$5:$F$2004,"Bilbo",HISTORIAL!$G$5:$G$2004,$B18)=0,"",INDEX(HISTORIAL!$B$5:$B$2004,_xlfn.MAXIFS(HISTORIAL!$A$5:$A$2004,HISTORIAL!$E$5:$E$2004,$A18,HISTORIAL!$F$5:$F$2004,"Bilbo",HISTORIAL!$G$5:$G$2004,$B18)))) | H18: =IF($A18="","",IF(_xlfn.MAXIFS(HISTORIAL!$A$5:$A$2004,HISTORIAL!$E$5:$E$2004,$A18,HISTORIAL!$F$5:$F$2004,"Bilbo",HISTORIAL!$G$5:$G$2004,$B18)=0,"",INDEX(HISTORIAL!$J$5:$J$2004,_xlfn.MAXIFS(HISTORIAL!$A$5:$A$2004,HISTORIAL!$E$5:$E$2004,$A18,HISTORIAL!$F$5:$F$2004,"Bilbo",HISTORIAL!$G$5:$G$2004,$B18)))) | I18: =IF($A18="","",IF(_xlfn.MAXIFS(HISTORIAL!$A$5:$A$2004,HISTORIAL!$E$5:$E$2004,$A18,HISTORIAL!$F$5:$F$2004,"Bilbo",HISTORIAL!$G$5:$G$2004,$B18)=0,"",INDEX(HISTORIAL!$K$5:$K$2004,_xlfn.MAXIFS(HISTORIAL!$A$5:$A$2004,HISTORIAL!$E$5:$E$2004,$A18,HISTORIAL!$F$5:$F$2004,"Bilbo",HISTORIAL!$G$5:$G$2004,$B18)))) | J18: =IF($A18="","",COUNTIFS(HISTORIAL!$E$5:$E$2004,$A18,HISTORIAL!$F$5:$F$2004,"Bilbo",HISTORIAL!$G$5:$G$2004,$B18)) | K18: =IF($A18="","",IF(J18=0,"",_xlfn.MAXIFS(HISTORIAL!$J$5:$J$2004,HISTORIAL!$E$5:$E$2004,$A18,HISTORIAL!$F$5:$F$2004,"Bilbo",HISTORIAL!$G$5:$G$2004,$B18))) | L18: =IF($A18="","",IF(J18=0,"",_xlfn.MAXIFS(HISTORIAL!$K$5:$K$2004,HISTORIAL!$E$5:$E$2004,$A18,HISTORIAL!$F$5:$F$2004,"Bilbo",HISTORIAL!$G$5:$G$2004,$B18,HISTORIAL!$J$5:$J$2004,K18))) | M18: =IF($A18="","",IF(J18=0,"",_xlfn.MAXIFS(HISTORIAL!$T$5:$T$2004,HISTORIAL!$E$5:$E$2004,$A18,HISTORIAL!$F$5:$F$2004,"Bilbo",HISTORIAL!$G$5:$G$2004,$B18))) | N18: =IF($A18="","",IF(J18=0,"",H18-E18)) | O18: =IF($A18="","",IF(COUNTIFS($A$6:$A$105,$A18,$B$6:$B$105,$B18-1)=0,"",SUMIFS($E$6:$E$105,$A$6:$A$105,$A18,$B$6:$B$105,$B18-1))) | P18: =IF($A18="","",IF(OR(O18="",NOT(ISNUMBER(E18))),"—",IF(E18>O18,"OK","ERROR: debe ser > "&O18))) | Q18: =IF($A18="","",IF(OR(O18="",NOT(ISNUMBER(E18))),"",IF(_xlfn.MAXIFS(HISTORIAL!$K$5:$K$2004,HISTORIAL!$E$5:$E$2004,$A18,HISTORIAL!$F$5:$F$2004,"Bilbo",HISTORIAL!$G$5:$G$2004,$B18-1,HISTORIAL!$J$5:$J$2004,E18)=0,"sin dato comparable",_xlfn.MAXIFS(HISTORIAL!$K$5:$K$2004,HISTORIAL!$E$5:$E$2004,$A18,HISTORIAL!$F$5:$F$2004,"Bilbo",HISTORIAL!$G$5:$G$2004,$B18-1,HISTORIAL!$J$5:$J$2004,E18)))) | R18: =IF($A18="","",IF(AND(ISNUMBER(Q18),ISNUMBER(F18)),F18-Q18,"")) | S18: =IF($A18="","",SUMIFS(HISTORIAL!$R$5:$R$2004,HISTORIAL!$E$5:$E$2004,$A18,HISTORIAL!$F$5:$F$2004,"Bilbo",HISTORIAL!$G$5:$G$2004,$B18)+SUMIFS(HISTORIAL!$R$5:$R$2004,HISTORIAL!$E$5:$E$2004,$A18,HISTORIAL!$F$5:$F$2004,"Post-Bilbo",HISTORIAL!$G$5:$G$2004,$B18)) | T18: =IF($A18="","",IF(NOT(ISNUMBER(E18)),"",MAX(E18+INDEX(CONFIGURACIÓN!$H$42:$H$56,MATCH($A18,CONFIGURACIÓN!$B$42:$B$56,0)),-INT(-E18*(1+CONFIGURACIÓN!$C$17)/(INDEX(CONFIGURACIÓN!$H$42:$H$56,MATCH($A18,CONFIGURACIÓN!$B$42:$B$56,0))))*(INDEX(CONFIGURACIÓN!$H$42:$H$56,MATCH($A18,CONFIGURACIÓN!$B$42:$B$56,0)))))) | V18: =IF($A18="","",IF(U18="","",IF(NOT(ISNUMBER(E18)),"sin carga inicial registrada",IF(U18>E18,"OK","ERROR: debe ser > "&E18))))
D19: =IF($A19="","",IF(_xlfn.MINIFS(HISTORIAL!$A$5:$A$2004,HISTORIAL!$E$5:$E$2004,$A19,HISTORIAL!$F$5:$F$2004,"Bilbo",HISTORIAL!$G$5:$G$2004,$B19)=0,"",INDEX(HISTORIAL!$B$5:$B$2004,_xlfn.MINIFS(HISTORIAL!$A$5:$A$2004,HISTORIAL!$E$5:$E$2004,$A19,HISTORIAL!$F$5:$F$2004,"Bilbo",HISTORIAL!$G$5:$G$2004,$B19)))) | E19: =IF($A19="","",IF(_xlfn.MINIFS(HISTORIAL!$A$5:$A$2004,HISTORIAL!$E$5:$E$2004,$A19,HISTORIAL!$F$5:$F$2004,"Bilbo",HISTORIAL!$G$5:$G$2004,$B19)=0,"",INDEX(HISTORIAL!$J$5:$J$2004,_xlfn.MINIFS(HISTORIAL!$A$5:$A$2004,HISTORIAL!$E$5:$E$2004,$A19,HISTORIAL!$F$5:$F$2004,"Bilbo",HISTORIAL!$G$5:$G$2004,$B19)))) | F19: =IF($A19="","",IF(_xlfn.MINIFS(HISTORIAL!$A$5:$A$2004,HISTORIAL!$E$5:$E$2004,$A19,HISTORIAL!$F$5:$F$2004,"Bilbo",HISTORIAL!$G$5:$G$2004,$B19)=0,"",INDEX(HISTORIAL!$K$5:$K$2004,_xlfn.MINIFS(HISTORIAL!$A$5:$A$2004,HISTORIAL!$E$5:$E$2004,$A19,HISTORIAL!$F$5:$F$2004,"Bilbo",HISTORIAL!$G$5:$G$2004,$B19)))) | G19: =IF($A19="","",IF(_xlfn.MAXIFS(HISTORIAL!$A$5:$A$2004,HISTORIAL!$E$5:$E$2004,$A19,HISTORIAL!$F$5:$F$2004,"Bilbo",HISTORIAL!$G$5:$G$2004,$B19)=0,"",INDEX(HISTORIAL!$B$5:$B$2004,_xlfn.MAXIFS(HISTORIAL!$A$5:$A$2004,HISTORIAL!$E$5:$E$2004,$A19,HISTORIAL!$F$5:$F$2004,"Bilbo",HISTORIAL!$G$5:$G$2004,$B19)))) | H19: =IF($A19="","",IF(_xlfn.MAXIFS(HISTORIAL!$A$5:$A$2004,HISTORIAL!$E$5:$E$2004,$A19,HISTORIAL!$F$5:$F$2004,"Bilbo",HISTORIAL!$G$5:$G$2004,$B19)=0,"",INDEX(HISTORIAL!$J$5:$J$2004,_xlfn.MAXIFS(HISTORIAL!$A$5:$A$2004,HISTORIAL!$E$5:$E$2004,$A19,HISTORIAL!$F$5:$F$2004,"Bilbo",HISTORIAL!$G$5:$G$2004,$B19)))) | I19: =IF($A19="","",IF(_xlfn.MAXIFS(HISTORIAL!$A$5:$A$2004,HISTORIAL!$E$5:$E$2004,$A19,HISTORIAL!$F$5:$F$2004,"Bilbo",HISTORIAL!$G$5:$G$2004,$B19)=0,"",INDEX(HISTORIAL!$K$5:$K$2004,_xlfn.MAXIFS(HISTORIAL!$A$5:$A$2004,HISTORIAL!$E$5:$E$2004,$A19,HISTORIAL!$F$5:$F$2004,"Bilbo",HISTORIAL!$G$5:$G$2004,$B19)))) | J19: =IF($A19="","",COUNTIFS(HISTORIAL!$E$5:$E$2004,$A19,HISTORIAL!$F$5:$F$2004,"Bilbo",HISTORIAL!$G$5:$G$2004,$B19)) | K19: =IF($A19="","",IF(J19=0,"",_xlfn.MAXIFS(HISTORIAL!$J$5:$J$2004,HISTORIAL!$E$5:$E$2004,$A19,HISTORIAL!$F$5:$F$2004,"Bilbo",HISTORIAL!$G$5:$G$2004,$B19))) | L19: =IF($A19="","",IF(J19=0,"",_xlfn.MAXIFS(HISTORIAL!$K$5:$K$2004,HISTORIAL!$E$5:$E$2004,$A19,HISTORIAL!$F$5:$F$2004,"Bilbo",HISTORIAL!$G$5:$G$2004,$B19,HISTORIAL!$J$5:$J$2004,K19))) | M19: =IF($A19="","",IF(J19=0,"",_xlfn.MAXIFS(HISTORIAL!$T$5:$T$2004,HISTORIAL!$E$5:$E$2004,$A19,HISTORIAL!$F$5:$F$2004,"Bilbo",HISTORIAL!$G$5:$G$2004,$B19))) | N19: =IF($A19="","",IF(J19=0,"",H19-E19)) | O19: =IF($A19="","",IF(COUNTIFS($A$6:$A$105,$A19,$B$6:$B$105,$B19-1)=0,"",SUMIFS($E$6:$E$105,$A$6:$A$105,$A19,$B$6:$B$105,$B19-1))) | P19: =IF($A19="","",IF(OR(O19="",NOT(ISNUMBER(E19))),"—",IF(E19>O19,"OK","ERROR: debe ser > "&O19))) | Q19: =IF($A19="","",IF(OR(O19="",NOT(ISNUMBER(E19))),"",IF(_xlfn.MAXIFS(HISTORIAL!$K$5:$K$2004,HISTORIAL!$E$5:$E$2004,$A19,HISTORIAL!$F$5:$F$2004,"Bilbo",HISTORIAL!$G$5:$G$2004,$B19-1,HISTORIAL!$J$5:$J$2004,E19)=0,"sin dato comparable",_xlfn.MAXIFS(HISTORIAL!$K$5:$K$2004,HISTORIAL!$E$5:$E$2004,$A19,HISTORIAL!$F$5:$F$2004,"Bilbo",HISTORIAL!$G$5:$G$2004,$B19-1,HISTORIAL!$J$5:$J$2004,E19)))) | R19: =IF($A19="","",IF(AND(ISNUMBER(Q19),ISNUMBER(F19)),F19-Q19,"")) | S19: =IF($A19="","",SUMIFS(HISTORIAL!$R$5:$R$2004,HISTORIAL!$E$5:$E$2004,$A19,HISTORIAL!$F$5:$F$2004,"Bilbo",HISTORIAL!$G$5:$G$2004,$B19)+SUMIFS(HISTORIAL!$R$5:$R$2004,HISTORIAL!$E$5:$E$2004,$A19,HISTORIAL!$F$5:$F$2004,"Post-Bilbo",HISTORIAL!$G$5:$G$2004,$B19)) | T19: =IF($A19="","",IF(NOT(ISNUMBER(E19)),"",MAX(E19+INDEX(CONFIGURACIÓN!$H$42:$H$56,MATCH($A19,CONFIGURACIÓN!$B$42:$B$56,0)),-INT(-E19*(1+CONFIGURACIÓN!$C$17)/(INDEX(CONFIGURACIÓN!$H$42:$H$56,MATCH($A19,CONFIGURACIÓN!$B$42:$B$56,0))))*(INDEX(CONFIGURACIÓN!$H$42:$H$56,MATCH($A19,CONFIGURACIÓN!$B$42:$B$56,0)))))) | V19: =IF($A19="","",IF(U19="","",IF(NOT(ISNUMBER(E19)),"sin carga inicial registrada",IF(U19>E19,"OK","ERROR: debe ser > "&E19))))
D20: =IF($A20="","",IF(_xlfn.MINIFS(HISTORIAL!$A$5:$A$2004,HISTORIAL!$E$5:$E$2004,$A20,HISTORIAL!$F$5:$F$2004,"Bilbo",HISTORIAL!$G$5:$G$2004,$B20)=0,"",INDEX(HISTORIAL!$B$5:$B$2004,_xlfn.MINIFS(HISTORIAL!$A$5:$A$2004,HISTORIAL!$E$5:$E$2004,$A20,HISTORIAL!$F$5:$F$2004,"Bilbo",HISTORIAL!$G$5:$G$2004,$B20)))) | E20: =IF($A20="","",IF(_xlfn.MINIFS(HISTORIAL!$A$5:$A$2004,HISTORIAL!$E$5:$E$2004,$A20,HISTORIAL!$F$5:$F$2004,"Bilbo",HISTORIAL!$G$5:$G$2004,$B20)=0,"",INDEX(HISTORIAL!$J$5:$J$2004,_xlfn.MINIFS(HISTORIAL!$A$5:$A$2004,HISTORIAL!$E$5:$E$2004,$A20,HISTORIAL!$F$5:$F$2004,"Bilbo",HISTORIAL!$G$5:$G$2004,$B20)))) | F20: =IF($A20="","",IF(_xlfn.MINIFS(HISTORIAL!$A$5:$A$2004,HISTORIAL!$E$5:$E$2004,$A20,HISTORIAL!$F$5:$F$2004,"Bilbo",HISTORIAL!$G$5:$G$2004,$B20)=0,"",INDEX(HISTORIAL!$K$5:$K$2004,_xlfn.MINIFS(HISTORIAL!$A$5:$A$2004,HISTORIAL!$E$5:$E$2004,$A20,HISTORIAL!$F$5:$F$2004,"Bilbo",HISTORIAL!$G$5:$G$2004,$B20)))) | G20: =IF($A20="","",IF(_xlfn.MAXIFS(HISTORIAL!$A$5:$A$2004,HISTORIAL!$E$5:$E$2004,$A20,HISTORIAL!$F$5:$F$2004,"Bilbo",HISTORIAL!$G$5:$G$2004,$B20)=0,"",INDEX(HISTORIAL!$B$5:$B$2004,_xlfn.MAXIFS(HISTORIAL!$A$5:$A$2004,HISTORIAL!$E$5:$E$2004,$A20,HISTORIAL!$F$5:$F$2004,"Bilbo",HISTORIAL!$G$5:$G$2004,$B20)))) | H20: =IF($A20="","",IF(_xlfn.MAXIFS(HISTORIAL!$A$5:$A$2004,HISTORIAL!$E$5:$E$2004,$A20,HISTORIAL!$F$5:$F$2004,"Bilbo",HISTORIAL!$G$5:$G$2004,$B20)=0,"",INDEX(HISTORIAL!$J$5:$J$2004,_xlfn.MAXIFS(HISTORIAL!$A$5:$A$2004,HISTORIAL!$E$5:$E$2004,$A20,HISTORIAL!$F$5:$F$2004,"Bilbo",HISTORIAL!$G$5:$G$2004,$B20)))) | I20: =IF($A20="","",IF(_xlfn.MAXIFS(HISTORIAL!$A$5:$A$2004,HISTORIAL!$E$5:$E$2004,$A20,HISTORIAL!$F$5:$F$2004,"Bilbo",HISTORIAL!$G$5:$G$2004,$B20)=0,"",INDEX(HISTORIAL!$K$5:$K$2004,_xlfn.MAXIFS(HISTORIAL!$A$5:$A$2004,HISTORIAL!$E$5:$E$2004,$A20,HISTORIAL!$F$5:$F$2004,"Bilbo",HISTORIAL!$G$5:$G$2004,$B20)))) | J20: =IF($A20="","",COUNTIFS(HISTORIAL!$E$5:$E$2004,$A20,HISTORIAL!$F$5:$F$2004,"Bilbo",HISTORIAL!$G$5:$G$2004,$B20)) | K20: =IF($A20="","",IF(J20=0,"",_xlfn.MAXIFS(HISTORIAL!$J$5:$J$2004,HISTORIAL!$E$5:$E$2004,$A20,HISTORIAL!$F$5:$F$2004,"Bilbo",HISTORIAL!$G$5:$G$2004,$B20))) | L20: =IF($A20="","",IF(J20=0,"",_xlfn.MAXIFS(HISTORIAL!$K$5:$K$2004,HISTORIAL!$E$5:$E$2004,$A20,HISTORIAL!$F$5:$F$2004,"Bilbo",HISTORIAL!$G$5:$G$2004,$B20,HISTORIAL!$J$5:$J$2004,K20))) | M20: =IF($A20="","",IF(J20=0,"",_xlfn.MAXIFS(HISTORIAL!$T$5:$T$2004,HISTORIAL!$E$5:$E$2004,$A20,HISTORIAL!$F$5:$F$2004,"Bilbo",HISTORIAL!$G$5:$G$2004,$B20))) | N20: =IF($A20="","",IF(J20=0,"",H20-E20)) | O20: =IF($A20="","",IF(COUNTIFS($A$6:$A$105,$A20,$B$6:$B$105,$B20-1)=0,"",SUMIFS($E$6:$E$105,$A$6:$A$105,$A20,$B$6:$B$105,$B20-1))) | P20: =IF($A20="","",IF(OR(O20="",NOT(ISNUMBER(E20))),"—",IF(E20>O20,"OK","ERROR: debe ser > "&O20))) | Q20: =IF($A20="","",IF(OR(O20="",NOT(ISNUMBER(E20))),"",IF(_xlfn.MAXIFS(HISTORIAL!$K$5:$K$2004,HISTORIAL!$E$5:$E$2004,$A20,HISTORIAL!$F$5:$F$2004,"Bilbo",HISTORIAL!$G$5:$G$2004,$B20-1,HISTORIAL!$J$5:$J$2004,E20)=0,"sin dato comparable",_xlfn.MAXIFS(HISTORIAL!$K$5:$K$2004,HISTORIAL!$E$5:$E$2004,$A20,HISTORIAL!$F$5:$F$2004,"Bilbo",HISTORIAL!$G$5:$G$2004,$B20-1,HISTORIAL!$J$5:$J$2004,E20)))) | R20: =IF($A20="","",IF(AND(ISNUMBER(Q20),ISNUMBER(F20)),F20-Q20,"")) | S20: =IF($A20="","",SUMIFS(HISTORIAL!$R$5:$R$2004,HISTORIAL!$E$5:$E$2004,$A20,HISTORIAL!$F$5:$F$2004,"Bilbo",HISTORIAL!$G$5:$G$2004,$B20)+SUMIFS(HISTORIAL!$R$5:$R$2004,HISTORIAL!$E$5:$E$2004,$A20,HISTORIAL!$F$5:$F$2004,"Post-Bilbo",HISTORIAL!$G$5:$G$2004,$B20)) | T20: =IF($A20="","",IF(NOT(ISNUMBER(E20)),"",MAX(E20+INDEX(CONFIGURACIÓN!$H$42:$H$56,MATCH($A20,CONFIGURACIÓN!$B$42:$B$56,0)),-INT(-E20*(1+CONFIGURACIÓN!$C$17)/(INDEX(CONFIGURACIÓN!$H$42:$H$56,MATCH($A20,CONFIGURACIÓN!$B$42:$B$56,0))))*(INDEX(CONFIGURACIÓN!$H$42:$H$56,MATCH($A20,CONFIGURACIÓN!$B$42:$B$56,0)))))) | V20: =IF($A20="","",IF(U20="","",IF(NOT(ISNUMBER(E20)),"sin carga inicial registrada",IF(U20>E20,"OK","ERROR: debe ser > "&E20))))
... D105: =IF($A105="","",IF(_xlfn.MINIFS(HISTORIAL!$A$5:$A$2004,HISTORIAL!$E$5:$E$2004,$A105,HISTORIAL!$F$5:$F$2004,"Bilbo",HISTORIAL!$G$5:$G$2004,$B105)=0,"",INDEX(HISTORIAL!$B$5:$B$2004,_xlfn.MINIFS(HISTORIAL!$A$5:$A$2004,HISTORIAL!$E$5:$E$2004,$A105,HISTORIAL!$F$5:$F$2004,"Bilbo",HISTORIAL!$G$5:$G$2004,$B105)))) | E105: =IF($A105="","",IF(_xlfn.MINIFS(HISTORIAL!$A$5:$A$2004,HISTORIAL!$E$5:$E$2004,$A105,HISTORIAL!$F$5:$F$2004,"Bilbo",HISTORIAL!$G$5:$G$2004,$B105)=0,"",INDEX(HISTORIAL!$J$5:$J$2004,_xlfn.MINIFS(HISTORIAL!$A$5:$A$2004,HISTORIAL!$E$5:$E$2004,$A105,HISTORIAL!$F$5:$F$2004,"Bilbo",HISTORIAL!$G$5:$G$2004,$B105)))) | F105: =IF($A105="","",IF(_xlfn.MINIFS(HISTORIAL!$A$5:$A$2004,HISTORIAL!$E$5:$E$2004,$A105,HISTORIAL!$F$5:$F$2004,"Bilbo",HISTORIAL!$G$5:$G$2004,$B105)=0,"",INDEX(HISTORIAL!$K$5:$K$2004,_xlfn.MINIFS(HISTORIAL!$A$5:$A$2004,HISTORIAL!$E$5:$E$2004,$A105,HISTORIAL!$F$5:$F$2004,"Bilbo",HISTORIAL!$G$5:$G$2004,$B105)))) | G105: =IF($A105="","",IF(_xlfn.MAXIFS(HISTORIAL!$A$5:$A$2004,HISTORIAL!$E$5:$E$2004,$A105,HISTORIAL!$F$5:$F$2004,"Bilbo",HISTORIAL!$G$5:$G$2004,$B105)=0,"",INDEX(HISTORIAL!$B$5:$B$2004,_xlfn.MAXIFS(HISTORIAL!$A$5:$A$2004,HISTORIAL!$E$5:$E$2004,$A105,HISTORIAL!$F$5:$F$2004,"Bilbo",HISTORIAL!$G$5:$G$2004,$B105)))) | H105: =IF($A105="","",IF(_xlfn.MAXIFS(HISTORIAL!$A$5:$A$2004,HISTORIAL!$E$5:$E$2004,$A105,HISTORIAL!$F$5:$F$2004,"Bilbo",HISTORIAL!$G$5:$G$2004,$B105)=0,"",INDEX(HISTORIAL!$J$5:$J$2004,_xlfn.MAXIFS(HISTORIAL!$A$5:$A$2004,HISTORIAL!$E$5:$E$2004,$A105,HISTORIAL!$F$5:$F$2004,"Bilbo",HISTORIAL!$G$5:$G$2004,$B105)))) | I105: =IF($A105="","",IF(_xlfn.MAXIFS(HISTORIAL!$A$5:$A$2004,HISTORIAL!$E$5:$E$2004,$A105,HISTORIAL!$F$5:$F$2004,"Bilbo",HISTORIAL!$G$5:$G$2004,$B105)=0,"",INDEX(HISTORIAL!$K$5:$K$2004,_xlfn.MAXIFS(HISTORIAL!$A$5:$A$2004,HISTORIAL!$E$5:$E$2004,$A105,HISTORIAL!$F$5:$F$2004,"Bilbo",HISTORIAL!$G$5:$G$2004,$B105)))) | J105: =IF($A105="","",COUNTIFS(HISTORIAL!$E$5:$E$2004,$A105,HISTORIAL!$F$5:$F$2004,"Bilbo",HISTORIAL!$G$5:$G$2004,$B105)) | K105: =IF($A105="","",IF(J105=0,"",_xlfn.MAXIFS(HISTORIAL!$J$5:$J$2004,HISTORIAL!$E$5:$E$2004,$A105,HISTORIAL!$F$5:$F$2004,"Bilbo",HISTORIAL!$G$5:$G$2004,$B105))) | L105: =IF($A105="","",IF(J105=0,"",_xlfn.MAXIFS(HISTORIAL!$K$5:$K$2004,HISTORIAL!$E$5:$E$2004,$A105,HISTORIAL!$F$5:$F$2004,"Bilbo",HISTORIAL!$G$5:$G$2004,$B105,HISTORIAL!$J$5:$J$2004,K105))) | M105: =IF($A105="","",IF(J105=0,"",_xlfn.MAXIFS(HISTORIAL!$T$5:$T$2004,HISTORIAL!$E$5:$E$2004,$A105,HISTORIAL!$F$5:$F$2004,"Bilbo",HISTORIAL!$G$5:$G$2004,$B105))) | N105: =IF($A105="","",IF(J105=0,"",H105-E105)) | O105: =IF($A105="","",IF(COUNTIFS($A$6:$A$105,$A105,$B$6:$B$105,$B105-1)=0,"",SUMIFS($E$6:$E$105,$A$6:$A$105,$A105,$B$6:$B$105,$B105-1))) | P105: =IF($A105="","",IF(OR(O105="",NOT(ISNUMBER(E105))),"—",IF(E105>O105,"OK","ERROR: debe ser > "&O105))) | Q105: =IF($A105="","",IF(OR(O105="",NOT(ISNUMBER(E105))),"",IF(_xlfn.MAXIFS(HISTORIAL!$K$5:$K$2004,HISTORIAL!$E$5:$E$2004,$A105,HISTORIAL!$F$5:$F$2004,"Bilbo",HISTORIAL!$G$5:$G$2004,$B105-1,HISTORIAL!$J$5:$J$2004,E105)=0,"sin dato comparable",_xlfn.MAXIFS(HISTORIAL!$K$5:$K$2004,HISTORIAL!$E$5:$E$2004,$A105,HISTORIAL!$F$5:$F$2004,"Bilbo",HISTORIAL!$G$5:$G$2004,$B105-1,HISTORIAL!$J$5:$J$2004,E105)))) | R105: =IF($A105="","",IF(AND(ISNUMBER(Q105),ISNUMBER(F105)),F105-Q105,"")) | S105: =IF($A105="","",SUMIFS(HISTORIAL!$R$5:$R$2004,HISTORIAL!$E$5:$E$2004,$A105,HISTORIAL!$F$5:$F$2004,"Bilbo",HISTORIAL!$G$5:$G$2004,$B105)+SUMIFS(HISTORIAL!$R$5:$R$2004,HISTORIAL!$E$5:$E$2004,$A105,HISTORIAL!$F$5:$F$2004,"Post-Bilbo",HISTORIAL!$G$5:$G$2004,$B105)) | T105: =IF($A105="","",IF(NOT(ISNUMBER(E105)),"",MAX(E105+INDEX(CONFIGURACIÓN!$H$42:$H$56,MATCH($A105,CONFIGURACIÓN!$B$42:$B$56,0)),-INT(-E105*(1+CONFIGURACIÓN!$C$17)/(INDEX(CONFIGURACIÓN!$H$42:$H$56,MATCH($A105,CONFIGURACIÓN!$B$42:$B$56,0))))*(INDEX(CONFIGURACIÓN!$H$42:$H$56,MATCH($A105,CONFIGURACIÓN!$B$42:$B$56,0)))))) | V105: =IF($A105="","",IF(U105="","",IF(NOT(ISNUMBER(E105)),"sin carga inicial registrada",IF(U105>E105,"OK","ERROR: debe ser > "&E105))))

Sheet PROGRESIONES
A1: PROGRESIONES — reglas y estado de progresión de TODOS los ejercicios
A2: Bilbo: se decide en ESTADO ACTUAL (aquí solo se muestra). Doble progresión y potencia: la IA escribe 'Próxima carga DECISIÓN'.
A3: Leyenda: celdas AMARILLAS con texto AZUL = entrada/decisión (se editan). Celdas GRISES = fórmula (no tocar). Texto VERDE = vínculo a otra hoja (no tocar).
A5: Ejercicio | B5: Tipo | C5: Rango | D5: Rep mín | E5: Rep máx | F5: Series | G5: Incremento (kg) | H5: Fecha última | I5: Última carga (kg) | J5: Últimas reps S1 | K5: S2 | L5: S3 | M5: Reps mín | N5: Señal | O5: Carga sugerida (fórmula) | P5: Próxima carga DECISIÓN | Q5: Próximo objetivo | R5: Próxima sesión | S5: Observaciones
A6: Press banca | B6: Bilbo | C6: 15–50 + 3×8–12 @RIR1 | D6: =CONFIGURACIÓN!$C$11 -> 15 | E6: =CONFIGURACIÓN!$C$12 -> 50 | F6: 1+3 | G6: ='ESTADO ACTUAL'!$B$6 -> 2 | H6: ='ESTADO ACTUAL'!$H$6 | I6: ='ESTADO ACTUAL'!$I$6 | J6: ='ESTADO ACTUAL'!$J$6 | K6: — | L6: — | M6: — | N6: ='ESTADO ACTUAL'!$S$6 -> SIN DATOS · sesión de calibración | O6: ='ESTADO ACTUAL'!$N$6 -> CALIBRAR | P6: =IF('ESTADO ACTUAL'!$O$6="","",'ESTADO ACTUAL'!$O$6) | Q6: =IF(ISNUMBER('ESTADO ACTUAL'!$O$6),"Bilbo "&'ESTADO ACTUAL'!$O$6&" kg (≈"&'ESTADO ACTUAL'!$R$6&" reps) · post "&'ESTADO ACTUAL'!$AF$6&" kg 3×8–12 @RIR1","Calibración Bilbo (INSTRUCCIONES §21)") -> Calibración Bilbo (INSTRUCCIONES §21) | R6: ='ESTADO ACTUAL'!$T$6 -> 46293 | S6: Se decide en ESTADO ACTUAL.
A7: Press militar | B7: Bilbo | C7: 15–50 + 3×8–12 @RIR1 | D7: =CONFIGURACIÓN!$C$11 -> 15 | E7: =CONFIGURACIÓN!$C$12 -> 50 | F7: 1+3 | G7: ='ESTADO ACTUAL'!$B$7 -> 2 | H7: ='ESTADO ACTUAL'!$H$7 | I7: ='ESTADO ACTUAL'!$I$7 | J7: ='ESTADO ACTUAL'!$J$7 | K7: — | L7: — | M7: — | N7: ='ESTADO ACTUAL'!$S$7 -> SIN DATOS · sesión de calibración | O7: ='ESTADO ACTUAL'!$N$7 -> CALIBRAR | P7: =IF('ESTADO ACTUAL'!$O$7="","",'ESTADO ACTUAL'!$O$7) | Q7: =IF(ISNUMBER('ESTADO ACTUAL'!$O$7),"Bilbo "&'ESTADO ACTUAL'!$O$7&" kg (≈"&'ESTADO ACTUAL'!$R$7&" reps) · post "&'ESTADO ACTUAL'!$AF$7&" kg 3×8–12 @RIR1","Calibración Bilbo (INSTRUCCIONES §21)") -> Calibración Bilbo (INSTRUCCIONES §21) | R7: ='ESTADO ACTUAL'!$T$7 -> 46293 | S7: Se decide en ESTADO ACTUAL.
A8: Remo bajo en polea | B8: Bilbo | C8: 15–50 + 3×8–12 @RIR1 | D8: =CONFIGURACIÓN!$C$11 -> 15 | E8: =CONFIGURACIÓN!$C$12 -> 50 | F8: 1+3 | G8: ='ESTADO ACTUAL'!$B$8 -> 2 | H8: ='ESTADO ACTUAL'!$H$8 | I8: ='ESTADO ACTUAL'!$I$8 | J8: ='ESTADO ACTUAL'!$J$8 | K8: — | L8: — | M8: — | N8: ='ESTADO ACTUAL'!$S$8 -> SIN DATOS · sesión de calibración | O8: ='ESTADO ACTUAL'!$N$8 -> CALIBRAR | P8: =IF('ESTADO ACTUAL'!$O$8="","",'ESTADO ACTUAL'!$O$8) | Q8: =IF(ISNUMBER('ESTADO ACTUAL'!$O$8),"Bilbo "&'ESTADO ACTUAL'!$O$8&" kg (≈"&'ESTADO ACTUAL'!$R$8&" reps) · post "&'ESTADO ACTUAL'!$AF$8&" kg 3×8–12 @RIR1","Calibración Bilbo (INSTRUCCIONES §21)") -> Calibración Bilbo (INSTRUCCIONES §21) | R8: ='ESTADO ACTUAL'!$T$8 -> 46294 | S8: Se decide en ESTADO ACTUAL.
A9: Sentadilla | B9: Doble progresión | C9: =D9&"–"&E9 -> 3–8 | D9: =INDEX(CONFIGURACIÓN!$E$42:$E$56,MATCH($A9,CONFIGURACIÓN!$B$42:$B$56,0)) -> 3 | E9: =INDEX(CONFIGURACIÓN!$F$42:$F$56,MATCH($A9,CONFIGURACIÓN!$B$42:$B$56,0)) -> 8 | F9: =INDEX(CONFIGURACIÓN!$G$42:$G$56,MATCH($A9,CONFIGURACIÓN!$B$42:$B$56,0)) -> 3 | G9: =INDEX(CONFIGURACIÓN!$H$42:$H$56,MATCH($A9,CONFIGURACIÓN!$B$42:$B$56,0)) -> 2 | H9: =IF(_xlfn.MAXIFS(HISTORIAL!$B$5:$B$2004,HISTORIAL!$E$5:$E$2004,$A9,HISTORIAL!$F$5:$F$2004,"Trabajo")=0,"",_xlfn.MAXIFS(HISTORIAL!$B$5:$B$2004,HISTORIAL!$E$5:$E$2004,$A9,HISTORIAL!$F$5:$F$2004,"Trabajo")) | I9: =IF(H9="","",_xlfn.MAXIFS(HISTORIAL!$J$5:$J$2004,HISTORIAL!$E$5:$E$2004,$A9,HISTORIAL!$F$5:$F$2004,"Trabajo",HISTORIAL!$B$5:$B$2004,H9)) | J9: =IF(H9="","",SUMIFS(HISTORIAL!$K$5:$K$2004,HISTORIAL!$E$5:$E$2004,$A9,HISTORIAL!$F$5:$F$2004,"Trabajo",HISTORIAL!$B$5:$B$2004,H9,HISTORIAL!$I$5:$I$2004,1)) | K9: =IF(H9="","",SUMIFS(HISTORIAL!$K$5:$K$2004,HISTORIAL!$E$5:$E$2004,$A9,HISTORIAL!$F$5:$F$2004,"Trabajo",HISTORIAL!$B$5:$B$2004,H9,HISTORIAL!$I$5:$I$2004,2)) | L9: =IF(H9="","",SUMIFS(HISTORIAL!$K$5:$K$2004,HISTORIAL!$E$5:$E$2004,$A9,HISTORIAL!$F$5:$F$2004,"Trabajo",HISTORIAL!$B$5:$B$2004,H9,HISTORIAL!$I$5:$I$2004,3)) | M9: =IF(H9="","",MIN(J9:L9)) | N9: =IF(H9="","CALIBRAR",IF(M9>=E9,"SUBIR CARGA",IF(M9<D9,"MANTENER · por debajo del rango","MANTENER · sumar repeticiones"))) -> CALIBRAR | O9: =IF(H9="","",IF(N9="SUBIR CARGA",IF(CONFIGURACIÓN!$C$9="ABAJO",INT((I9+MAX(G9,I9*CONFIGURACIÓN!$C$28))/(G9))*(G9),IF(CONFIGURACIÓN!$C$9="ARRIBA",-INT(-(I9+MAX(G9,I9*CONFIGURACIÓN!$C$28))/(G9))*(G9),ROUND((I9+MAX(G9,I9*CONFIGURACIÓN!$C$28))/(G9),0)*(G9))),I9)) | Q9: =IF(H9="","Calibrar: carga que permita "&D9&"–"&(D9+2)&" reps @RIR 1–2 en la 1ª serie",IF(N9="SUBIR CARGA","Nueva carga: "&F9&"×"&INDEX(CONFIGURACIÓN!$J$42:$J$56,MATCH($A9,CONFIGURACIÓN!$B$42:$B$56,0))&" aprox.",IF(LEFT(N9,4)="PILA","Pila al máximo: proponer cambio a Remo unilateral con mancuerna","Superar "&J9&"/"&K9&"/"&L9&" con "&I9&" kg → +1 rep por serie hasta "&F9&"×"&E9))) -> Calibrar: carga que permita 3–5 reps @RIR 1–2 en la 1ª serie | R9: =IF(ISNUMBER(INDEX(CONFIGURACIÓN!$K$42:$K$56,MATCH($A9,CONFIGURACIÓN!$B$42:$B$56,0))),IF(WEEKDAY(MAX(IF(ISNUMBER(H9),H9,0),TODAY()-1),2)<INDEX(CONFIGURACIÓN!$K$42:$K$56,MATCH($A9,CONFIGURACIÓN!$B$42:$B$56,0)),MAX(IF(ISNUMBER(H9),H9,0),TODAY()-1)+INDEX(CONFIGURACIÓN!$K$42:$K$56,MATCH($A9,CONFIGURACIÓN!$B$42:$B$56,0))-WEEKDAY(MAX(IF(ISNUMBER(H9),H9,0),TODAY()-1),2),IF(WEEKDAY(MAX(IF(ISNUMBER(H9),H9,0),TODAY()-1),2)<IF(ISNUMBER(INDEX(CONFIGURACIÓN!$L$42:$L$56,MATCH($A9,CONFIGURACIÓN!$B$42:$B$56,0))),INDEX(CONFIGURACIÓN!$L$42:$L$56,MATCH($A9,CONFIGURACIÓN!$B$42:$B$56,0)),INDEX(CONFIGURACIÓN!$K$42:$K$56,MATCH($A9,CONFIGURACIÓN!$B$42:$B$56,0))),MAX(IF(ISNUMBER(H9),H9,0),TODAY()-1)+IF(ISNUMBER(INDEX(CONFIGURACIÓN!$L$42:$L$56,MATCH($A9,CONFIGURACIÓN!$B$42:$B$56,0))),INDEX(CONFIGURACIÓN!$L$42:$L$56,MATCH($A9,CONFIGURACIÓN!$B$42:$B$56,0)),INDEX(CONFIGURACIÓN!$K$42:$K$56,MATCH($A9,CONFIGURACIÓN!$B$42:$B$56,0)))-WEEKDAY(MAX(IF(ISNUMBER(H9),H9,0),TODAY()-1),2),MAX(IF(ISNUMBER(H9),H9,0),TODAY()-1)+7-WEEKDAY(MAX(IF(ISNUMBER(H9),H9,0),TODAY()-1),2)+INDEX(CONFIGURACIÓN!$K$42:$K$56,MATCH($A9,CONFIGURACIÓN!$B$42:$B$56,0)))),"") -> 46294
A10: Press inclinado con mancuernas | B10: Doble progresión | C10: =D10&"–"&E10 -> 6–10 | D10: =INDEX(CONFIGURACIÓN!$E$42:$E$56,MATCH($A10,CONFIGURACIÓN!$B$42:$B$56,0)) -> 6 | E10: =INDEX(CONFIGURACIÓN!$F$42:$F$56,MATCH($A10,CONFIGURACIÓN!$B$42:$B$56,0)) -> 10 | F10: =INDEX(CONFIGURACIÓN!$G$42:$G$56,MATCH($A10,CONFIGURACIÓN!$B$42:$B$56,0)) -> 3 | G10: =INDEX(CONFIGURACIÓN!$H$42:$H$56,MATCH($A10,CONFIGURACIÓN!$B$42:$B$56,0)) -> 2 | H10: =IF(_xlfn.MAXIFS(HISTORIAL!$B$5:$B$2004,HISTORIAL!$E$5:$E$2004,$A10,HISTORIAL!$F$5:$F$2004,"Trabajo")=0,"",_xlfn.MAXIFS(HISTORIAL!$B$5:$B$2004,HISTORIAL!$E$5:$E$2004,$A10,HISTORIAL!$F$5:$F$2004,"Trabajo")) | I10: =IF(H10="","",_xlfn.MAXIFS(HISTORIAL!$J$5:$J$2004,HISTORIAL!$E$5:$E$2004,$A10,HISTORIAL!$F$5:$F$2004,"Trabajo",HISTORIAL!$B$5:$B$2004,H10)) | J10: =IF(H10="","",SUMIFS(HISTORIAL!$K$5:$K$2004,HISTORIAL!$E$5:$E$2004,$A10,HISTORIAL!$F$5:$F$2004,"Trabajo",HISTORIAL!$B$5:$B$2004,H10,HISTORIAL!$I$5:$I$2004,1)) | K10: =IF(H10="","",SUMIFS(HISTORIAL!$K$5:$K$2004,HISTORIAL!$E$5:$E$2004,$A10,HISTORIAL!$F$5:$F$2004,"Trabajo",HISTORIAL!$B$5:$B$2004,H10,HISTORIAL!$I$5:$I$2004,2)) | L10: =IF(H10="","",SUMIFS(HISTORIAL!$K$5:$K$2004,HISTORIAL!$E$5:$E$2004,$A10,HISTORIAL!$F$5:$F$2004,"Trabajo",HISTORIAL!$B$5:$B$2004,H10,HISTORIAL!$I$5:$I$2004,3)) | M10: =IF(H10="","",MIN(J10:L10)) | N10: =IF(H10="","CALIBRAR",IF(M10>=E10,"SUBIR CARGA",IF(M10<D10,"MANTENER · por debajo del rango","MANTENER · sumar repeticiones"))) -> CALIBRAR | O10: =IF(H10="","",IF(N10="SUBIR CARGA",IF(CONFIGURACIÓN!$C$9="ABAJO",INT((I10+MAX(G10,I10*CONFIGURACIÓN!$C$28))/(G10))*(G10),IF(CONFIGURACIÓN!$C$9="ARRIBA",-INT(-(I10+MAX(G10,I10*CONFIGURACIÓN!$C$28))/(G10))*(G10),ROUND((I10+MAX(G10,I10*CONFIGURACIÓN!$C$28))/(G10),0)*(G10))),I10)) | Q10: =IF(H10="","Calibrar: carga que permita "&D10&"–"&(D10+2)&" reps @RIR 1–2 en la 1ª serie",IF(N10="SUBIR CARGA","Nueva carga: "&F10&"×"&INDEX(CONFIGURACIÓN!$J$42:$J$56,MATCH($A10,CONFIGURACIÓN!$B$42:$B$56,0))&" aprox.",IF(LEFT(N10,4)="PILA","Pila al máximo: proponer cambio a Remo unilateral con mancuerna","Superar "&J10&"/"&K10&"/"&L10&" con "&I10&" kg → +1 rep por serie hasta "&F10&"×"&E10))) -> Calibrar: carga que permita 6–8 reps @RIR 1–2 en la 1ª serie | R10: =IF(ISNUMBER(INDEX(CONFIGURACIÓN!$K$42:$K$56,MATCH($A10,CONFIGURACIÓN!$B$42:$B$56,0))),IF(WEEKDAY(MAX(IF(ISNUMBER(H10),H10,0),TODAY()-1),2)<INDEX(CONFIGURACIÓN!$K$42:$K$56,MATCH($A10,CONFIGURACIÓN!$B$42:$B$56,0)),MAX(IF(ISNUMBER(H10),H10,0),TODAY()-1)+INDEX(CONFIGURACIÓN!$K$42:$K$56,MATCH($A10,CONFIGURACIÓN!$B$42:$B$56,0))-WEEKDAY(MAX(IF(ISNUMBER(H10),H10,0),TODAY()-1),2),IF(WEEKDAY(MAX(IF(ISNUMBER(H10),H10,0),TODAY()-1),2)<IF(ISNUMBER(INDEX(CONFIGURACIÓN!$L$42:$L$56,MATCH($A10,CONFIGURACIÓN!$B$42:$B$56,0))),INDEX(CONFIGURACIÓN!$L$42:$L$56,MATCH($A10,CONFIGURACIÓN!$B$42:$B$56,0)),INDEX(CONFIGURACIÓN!$K$42:$K$56,MATCH($A10,CONFIGURACIÓN!$B$42:$B$56,0))),MAX(IF(ISNUMBER(H10),H10,0),TODAY()-1)+IF(ISNUMBER(INDEX(CONFIGURACIÓN!$L$42:$L$56,MATCH($A10,CONFIGURACIÓN!$B$42:$B$56,0))),INDEX(CONFIGURACIÓN!$L$42:$L$56,MATCH($A10,CONFIGURACIÓN!$B$42:$B$56,0)),INDEX(CONFIGURACIÓN!$K$42:$K$56,MATCH($A10,CONFIGURACIÓN!$B$42:$B$56,0)))-WEEKDAY(MAX(IF(ISNUMBER(H10),H10,0),TODAY()-1),2),MAX(IF(ISNUMBER(H10),H10,0),TODAY()-1)+7-WEEKDAY(MAX(IF(ISNUMBER(H10),H10,0),TODAY()-1),2)+INDEX(CONFIGURACIÓN!$K$42:$K$56,MATCH($A10,CONFIGURACIÓN!$B$42:$B$56,0)))),"") -> 46293
A11: Tríceps en polea alta | B11: Doble progresión | C11: =D11&"–"&E11 -> 3–8 | D11: =INDEX(CONFIGURACIÓN!$E$42:$E$56,MATCH($A11,CONFIGURACIÓN!$B$42:$B$56,0)) -> 3 | E11: =INDEX(CONFIGURACIÓN!$F$42:$F$56,MATCH($A11,CONFIGURACIÓN!$B$42:$B$56,0)) -> 8 | F11: =INDEX(CONFIGURACIÓN!$G$42:$G$56,MATCH($A11,CONFIGURACIÓN!$B$42:$B$56,0)) -> 3 | G11: =INDEX(CONFIGURACIÓN!$H$42:$H$56,MATCH($A11,CONFIGURACIÓN!$B$42:$B$56,0)) -> 2 | H11: =IF(_xlfn.MAXIFS(HISTORIAL!$B$5:$B$2004,HISTORIAL!$E$5:$E$2004,$A11,HISTORIAL!$F$5:$F$2004,"Trabajo")=0,"",_xlfn.MAXIFS(HISTORIAL!$B$5:$B$2004,HISTORIAL!$E$5:$E$2004,$A11,HISTORIAL!$F$5:$F$2004,"Trabajo")) | I11: =IF(H11="","",_xlfn.MAXIFS(HISTORIAL!$J$5:$J$2004,HISTORIAL!$E$5:$E$2004,$A11,HISTORIAL!$F$5:$F$2004,"Trabajo",HISTORIAL!$B$5:$B$2004,H11)) | J11: =IF(H11="","",SUMIFS(HISTORIAL!$K$5:$K$2004,HISTORIAL!$E$5:$E$2004,$A11,HISTORIAL!$F$5:$F$2004,"Trabajo",HISTORIAL!$B$5:$B$2004,H11,HISTORIAL!$I$5:$I$2004,1)) | K11: =IF(H11="","",SUMIFS(HISTORIAL!$K$5:$K$2004,HISTORIAL!$E$5:$E$2004,$A11,HISTORIAL!$F$5:$F$2004,"Trabajo",HISTORIAL!$B$5:$B$2004,H11,HISTORIAL!$I$5:$I$2004,2)) | L11: =IF(H11="","",SUMIFS(HISTORIAL!$K$5:$K$2004,HISTORIAL!$E$5:$E$2004,$A11,HISTORIAL!$F$5:$F$2004,"Trabajo",HISTORIAL!$B$5:$B$2004,H11,HISTORIAL!$I$5:$I$2004,3)) | M11: =IF(H11="","",MIN(J11:L11)) | N11: =IF(H11="","CALIBRAR",IF(M11>=E11,"SUBIR CARGA",IF(M11<D11,"MANTENER · por debajo del rango","MANTENER · sumar repeticiones"))) -> CALIBRAR | O11: =IF(H11="","",IF(N11="SUBIR CARGA",IF(CONFIGURACIÓN!$C$9="ABAJO",INT((I11+MAX(G11,I11*CONFIGURACIÓN!$C$28))/(G11))*(G11),IF(CONFIGURACIÓN!$C$9="ARRIBA",-INT(-(I11+MAX(G11,I11*CONFIGURACIÓN!$C$28))/(G11))*(G11),ROUND((I11+MAX(G11,I11*CONFIGURACIÓN!$C$28))/(G11),0)*(G11))),I11)) | Q11: =IF(H11="","Calibrar: carga que permita "&D11&"–"&(D11+2)&" reps @RIR 1–2 en la 1ª serie",IF(N11="SUBIR CARGA","Nueva carga: "&F11&"×"&INDEX(CONFIGURACIÓN!$J$42:$J$56,MATCH($A11,CONFIGURACIÓN!$B$42:$B$56,0))&" aprox.",IF(LEFT(N11,4)="PILA","Pila al máximo: proponer cambio a Remo unilateral con mancuerna","Superar "&J11&"/"&K11&"/"&L11&" con "&I11&" kg → +1 rep por serie hasta "&F11&"×"&E11))) -> Calibrar: carga que permita 3–5 reps @RIR 1–2 en la 1ª serie | R11: =IF(ISNUMBER(INDEX(CONFIGURACIÓN!$K$42:$K$56,MATCH($A11,CONFIGURACIÓN!$B$42:$B$56,0))),IF(WEEKDAY(MAX(IF(ISNUMBER(H11),H11,0),TODAY()-1),2)<INDEX(CONFIGURACIÓN!$K$42:$K$56,MATCH($A11,CONFIGURACIÓN!$B$42:$B$56,0)),MAX(IF(ISNUMBER(H11),H11,0),TODAY()-1)+INDEX(CONFIGURACIÓN!$K$42:$K$56,MATCH($A11,CONFIGURACIÓN!$B$42:$B$56,0))-WEEKDAY(MAX(IF(ISNUMBER(H11),H11,0),TODAY()-1),2),IF(WEEKDAY(MAX(IF(ISNUMBER(H11),H11,0),TODAY()-1),2)<IF(ISNUMBER(INDEX(CONFIGURACIÓN!$L$42:$L$56,MATCH($A11,CONFIGURACIÓN!$B$42:$B$56,0))),INDEX(CONFIGURACIÓN!$L$42:$L$56,MATCH($A11,CONFIGURACIÓN!$B$42:$B$56,0)),INDEX(CONFIGURACIÓN!$K$42:$K$56,MATCH($A11,CONFIGURACIÓN!$B$42:$B$56,0))),MAX(IF(ISNUMBER(H11),H11,0),TODAY()-1)+IF(ISNUMBER(INDEX(CONFIGURACIÓN!$L$42:$L$56,MATCH($A11,CONFIGURACIÓN!$B$42:$B$56,0))),INDEX(CONFIGURACIÓN!$L$42:$L$56,MATCH($A11,CONFIGURACIÓN!$B$42:$B$56,0)),INDEX(CONFIGURACIÓN!$K$42:$K$56,MATCH($A11,CONFIGURACIÓN!$B$42:$B$56,0)))-WEEKDAY(MAX(IF(ISNUMBER(H11),H11,0),TODAY()-1),2),MAX(IF(ISNUMBER(H11),H11,0),TODAY()-1)+7-WEEKDAY(MAX(IF(ISNUMBER(H11),H11,0),TODAY()-1),2)+INDEX(CONFIGURACIÓN!$K$42:$K$56,MATCH($A11,CONFIGURACIÓN!$B$42:$B$56,0)))),"") -> 46293
A12: Elevaciones laterales | B12: Doble progresión | C12: =D12&"–"&E12 -> 10–20 | D12: =INDEX(CONFIGURACIÓN!$E$42:$E$56,MATCH($A12,CONFIGURACIÓN!$B$42:$B$56,0)) -> 10 | E12: =INDEX(CONFIGURACIÓN!$F$42:$F$56,MATCH($A12,CONFIGURACIÓN!$B$42:$B$56,0)) -> 20 | F12: =INDEX(CONFIGURACIÓN!$G$42:$G$56,MATCH($A12,CONFIGURACIÓN!$B$42:$B$56,0)) -> 3 | G12: =INDEX(CONFIGURACIÓN!$H$42:$H$56,MATCH($A12,CONFIGURACIÓN!$B$42:$B$56,0)) -> 2 | H12: =IF(_xlfn.MAXIFS(HISTORIAL!$B$5:$B$2004,HISTORIAL!$E$5:$E$2004,$A12,HISTORIAL!$F$5:$F$2004,"Trabajo")=0,"",_xlfn.MAXIFS(HISTORIAL!$B$5:$B$2004,HISTORIAL!$E$5:$E$2004,$A12,HISTORIAL!$F$5:$F$2004,"Trabajo")) | I12: =IF(H12="","",_xlfn.MAXIFS(HISTORIAL!$J$5:$J$2004,HISTORIAL!$E$5:$E$2004,$A12,HISTORIAL!$F$5:$F$2004,"Trabajo",HISTORIAL!$B$5:$B$2004,H12)) | J12: =IF(H12="","",SUMIFS(HISTORIAL!$K$5:$K$2004,HISTORIAL!$E$5:$E$2004,$A12,HISTORIAL!$F$5:$F$2004,"Trabajo",HISTORIAL!$B$5:$B$2004,H12,HISTORIAL!$I$5:$I$2004,1)) | K12: =IF(H12="","",SUMIFS(HISTORIAL!$K$5:$K$2004,HISTORIAL!$E$5:$E$2004,$A12,HISTORIAL!$F$5:$F$2004,"Trabajo",HISTORIAL!$B$5:$B$2004,H12,HISTORIAL!$I$5:$I$2004,2)) | L12: =IF(H12="","",SUMIFS(HISTORIAL!$K$5:$K$2004,HISTORIAL!$E$5:$E$2004,$A12,HISTORIAL!$F$5:$F$2004,"Trabajo",HISTORIAL!$B$5:$B$2004,H12,HISTORIAL!$I$5:$I$2004,3)) | M12: =IF(H12="","",MIN(J12:L12)) | N12: =IF(H12="","CALIBRAR",IF(M12>=E12,"SUBIR CARGA",IF(M12<D12,"MANTENER · por debajo del rango","MANTENER · sumar repeticiones"))) -> CALIBRAR | O12: =IF(H12="","",IF(N12="SUBIR CARGA",IF(CONFIGURACIÓN!$C$9="ABAJO",INT((I12+MAX(G12,I12*CONFIGURACIÓN!$C$28))/(G12))*(G12),IF(CONFIGURACIÓN!$C$9="ARRIBA",-INT(-(I12+MAX(G12,I12*CONFIGURACIÓN!$C$28))/(G12))*(G12),ROUND((I12+MAX(G12,I12*CONFIGURACIÓN!$C$28))/(G12),0)*(G12))),I12)) | Q12: =IF(H12="","Calibrar: carga que permita "&D12&"–"&(D12+2)&" reps @RIR 1–2 en la 1ª serie",IF(N12="SUBIR CARGA","Nueva carga: "&F12&"×"&INDEX(CONFIGURACIÓN!$J$42:$J$56,MATCH($A12,CONFIGURACIÓN!$B$42:$B$56,0))&" aprox.",IF(LEFT(N12,4)="PILA","Pila al máximo: proponer cambio a Remo unilateral con mancuerna","Superar "&J12&"/"&K12&"/"&L12&" con "&I12&" kg → +1 rep por serie hasta "&F12&"×"&E12))) -> Calibrar: carga que permita 10–12 reps @RIR 1–2 en la 1ª serie | R12: =IF(ISNUMBER(INDEX(CONFIGURACIÓN!$K$42:$K$56,MATCH($A12,CONFIGURACIÓN!$B$42:$B$56,0))),IF(WEEKDAY(MAX(IF(ISNUMBER(H12),H12,0),TODAY()-1),2)<INDEX(CONFIGURACIÓN!$K$42:$K$56,MATCH($A12,CONFIGURACIÓN!$B$42:$B$56,0)),MAX(IF(ISNUMBER(H12),H12,0),TODAY()-1)+INDEX(CONFIGURACIÓN!$K$42:$K$56,MATCH($A12,CONFIGURACIÓN!$B$42:$B$56,0))-WEEKDAY(MAX(IF(ISNUMBER(H12),H12,0),TODAY()-1),2),IF(WEEKDAY(MAX(IF(ISNUMBER(H12),H12,0),TODAY()-1),2)<IF(ISNUMBER(INDEX(CONFIGURACIÓN!$L$42:$L$56,MATCH($A12,CONFIGURACIÓN!$B$42:$B$56,0))),INDEX(CONFIGURACIÓN!$L$42:$L$56,MATCH($A12,CONFIGURACIÓN!$B$42:$B$56,0)),INDEX(CONFIGURACIÓN!$K$42:$K$56,MATCH($A12,CONFIGURACIÓN!$B$42:$B$56,0))),MAX(IF(ISNUMBER(H12),H12,0),TODAY()-1)+IF(ISNUMBER(INDEX(CONFIGURACIÓN!$L$42:$L$56,MATCH($A12,CONFIGURACIÓN!$B$42:$B$56,0))),INDEX(CONFIGURACIÓN!$L$42:$L$56,MATCH($A12,CONFIGURACIÓN!$B$42:$B$56,0)),INDEX(CONFIGURACIÓN!$K$42:$K$56,MATCH($A12,CONFIGURACIÓN!$B$42:$B$56,0)))-WEEKDAY(MAX(IF(ISNUMBER(H12),H12,0),TODAY()-1),2),MAX(IF(ISNUMBER(H12),H12,0),TODAY()-1)+7-WEEKDAY(MAX(IF(ISNUMBER(H12),H12,0),TODAY()-1),2)+INDEX(CONFIGURACIÓN!$K$42:$K$56,MATCH($A12,CONFIGURACIÓN!$B$42:$B$56,0)))),"") -> 46293
A13: Trapecio | B13: Doble progresión | C13: =D13&"–"&E13 -> 8–15 | D13: =INDEX(CONFIGURACIÓN!$E$42:$E$56,MATCH($A13,CONFIGURACIÓN!$B$42:$B$56,0)) -> 8 | E13: =INDEX(CONFIGURACIÓN!$F$42:$F$56,MATCH($A13,CONFIGURACIÓN!$B$42:$B$56,0)) -> 15 | F13: =INDEX(CONFIGURACIÓN!$G$42:$G$56,MATCH($A13,CONFIGURACIÓN!$B$42:$B$56,0)) -> 3 | G13: =INDEX(CONFIGURACIÓN!$H$42:$H$56,MATCH($A13,CONFIGURACIÓN!$B$42:$B$56,0)) -> 2 | H13: =IF(_xlfn.MAXIFS(HISTORIAL!$B$5:$B$2004,HISTORIAL!$E$5:$E$2004,$A13,HISTORIAL!$F$5:$F$2004,"Trabajo")=0,"",_xlfn.MAXIFS(HISTORIAL!$B$5:$B$2004,HISTORIAL!$E$5:$E$2004,$A13,HISTORIAL!$F$5:$F$2004,"Trabajo")) | I13: =IF(H13="","",_xlfn.MAXIFS(HISTORIAL!$J$5:$J$2004,HISTORIAL!$E$5:$E$2004,$A13,HISTORIAL!$F$5:$F$2004,"Trabajo",HISTORIAL!$B$5:$B$2004,H13)) | J13: =IF(H13="","",SUMIFS(HISTORIAL!$K$5:$K$2004,HISTORIAL!$E$5:$E$2004,$A13,HISTORIAL!$F$5:$F$2004,"Trabajo",HISTORIAL!$B$5:$B$2004,H13,HISTORIAL!$I$5:$I$2004,1)) | K13: =IF(H13="","",SUMIFS(HISTORIAL!$K$5:$K$2004,HISTORIAL!$E$5:$E$2004,$A13,HISTORIAL!$F$5:$F$2004,"Trabajo",HISTORIAL!$B$5:$B$2004,H13,HISTORIAL!$I$5:$I$2004,2)) | L13: =IF(H13="","",SUMIFS(HISTORIAL!$K$5:$K$2004,HISTORIAL!$E$5:$E$2004,$A13,HISTORIAL!$F$5:$F$2004,"Trabajo",HISTORIAL!$B$5:$B$2004,H13,HISTORIAL!$I$5:$I$2004,3)) | M13: =IF(H13="","",MIN(J13:L13)) | N13: =IF(H13="","CALIBRAR",IF(M13>=E13,"SUBIR CARGA",IF(M13<D13,"MANTENER · por debajo del rango","MANTENER · sumar repeticiones"))) -> CALIBRAR | O13: =IF(H13="","",IF(N13="SUBIR CARGA",IF(CONFIGURACIÓN!$C$9="ABAJO",INT((I13+MAX(G13,I13*CONFIGURACIÓN!$C$28))/(G13))*(G13),IF(CONFIGURACIÓN!$C$9="ARRIBA",-INT(-(I13+MAX(G13,I13*CONFIGURACIÓN!$C$28))/(G13))*(G13),ROUND((I13+MAX(G13,I13*CONFIGURACIÓN!$C$28))/(G13),0)*(G13))),I13)) | Q13: =IF(H13="","Calibrar: carga que permita "&D13&"–"&(D13+2)&" reps @RIR 1–2 en la 1ª serie",IF(N13="SUBIR CARGA","Nueva carga: "&F13&"×"&INDEX(CONFIGURACIÓN!$J$42:$J$56,MATCH($A13,CONFIGURACIÓN!$B$42:$B$56,0))&" aprox.",IF(LEFT(N13,4)="PILA","Pila al máximo: proponer cambio a Remo unilateral con mancuerna","Superar "&J13&"/"&K13&"/"&L13&" con "&I13&" kg → +1 rep por serie hasta "&F13&"×"&E13))) -> Calibrar: carga que permita 8–10 reps @RIR 1–2 en la 1ª serie | R13: =IF(ISNUMBER(INDEX(CONFIGURACIÓN!$K$42:$K$56,MATCH($A13,CONFIGURACIÓN!$B$42:$B$56,0))),IF(WEEKDAY(MAX(IF(ISNUMBER(H13),H13,0),TODAY()-1),2)<INDEX(CONFIGURACIÓN!$K$42:$K$56,MATCH($A13,CONFIGURACIÓN!$B$42:$B$56,0)),MAX(IF(ISNUMBER(H13),H13,0),TODAY()-1)+INDEX(CONFIGURACIÓN!$K$42:$K$56,MATCH($A13,CONFIGURACIÓN!$B$42:$B$56,0))-WEEKDAY(MAX(IF(ISNUMBER(H13),H13,0),TODAY()-1),2),IF(WEEKDAY(MAX(IF(ISNUMBER(H13),H13,0),TODAY()-1),2)<IF(ISNUMBER(INDEX(CONFIGURACIÓN!$L$42:$L$56,MATCH($A13,CONFIGURACIÓN!$B$42:$B$56,0))),INDEX(CONFIGURACIÓN!$L$42:$L$56,MATCH($A13,CONFIGURACIÓN!$B$42:$B$56,0)),INDEX(CONFIGURACIÓN!$K$42:$K$56,MATCH($A13,CONFIGURACIÓN!$B$42:$B$56,0))),MAX(IF(ISNUMBER(H13),H13,0),TODAY()-1)+IF(ISNUMBER(INDEX(CONFIGURACIÓN!$L$42:$L$56,MATCH($A13,CONFIGURACIÓN!$B$42:$B$56,0))),INDEX(CONFIGURACIÓN!$L$42:$L$56,MATCH($A13,CONFIGURACIÓN!$B$42:$B$56,0)),INDEX(CONFIGURACIÓN!$K$42:$K$56,MATCH($A13,CONFIGURACIÓN!$B$42:$B$56,0)))-WEEKDAY(MAX(IF(ISNUMBER(H13),H13,0),TODAY()-1),2),MAX(IF(ISNUMBER(H13),H13,0),TODAY()-1)+7-WEEKDAY(MAX(IF(ISNUMBER(H13),H13,0),TODAY()-1),2)+INDEX(CONFIGURACIÓN!$K$42:$K$56,MATCH($A13,CONFIGURACIÓN!$B$42:$B$56,0)))),"") -> 46296
A14: Jalón al pecho | B14: Doble progresión | C14: =D14&"–"&E14 -> 8–15 | D14: =INDEX(CONFIGURACIÓN!$E$42:$E$56,MATCH($A14,CONFIGURACIÓN!$B$42:$B$56,0)) -> 8 | E14: =INDEX(CONFIGURACIÓN!$F$42:$F$56,MATCH($A14,CONFIGURACIÓN!$B$42:$B$56,0)) -> 15 | F14: =INDEX(CONFIGURACIÓN!$G$42:$G$56,MATCH($A14,CONFIGURACIÓN!$B$42:$B$56,0)) -> 3 | G14: =INDEX(CONFIGURACIÓN!$H$42:$H$56,MATCH($A14,CONFIGURACIÓN!$B$42:$B$56,0)) -> 2 | H14: =IF(_xlfn.MAXIFS(HISTORIAL!$B$5:$B$2004,HISTORIAL!$E$5:$E$2004,$A14,HISTORIAL!$F$5:$F$2004,"Trabajo")=0,"",_xlfn.MAXIFS(HISTORIAL!$B$5:$B$2004,HISTORIAL!$E$5:$E$2004,$A14,HISTORIAL!$F$5:$F$2004,"Trabajo")) | I14: =IF(H14="","",_xlfn.MAXIFS(HISTORIAL!$J$5:$J$2004,HISTORIAL!$E$5:$E$2004,$A14,HISTORIAL!$F$5:$F$2004,"Trabajo",HISTORIAL!$B$5:$B$2004,H14)) | J14: =IF(H14="","",SUMIFS(HISTORIAL!$K$5:$K$2004,HISTORIAL!$E$5:$E$2004,$A14,HISTORIAL!$F$5:$F$2004,"Trabajo",HISTORIAL!$B$5:$B$2004,H14,HISTORIAL!$I$5:$I$2004,1)) | K14: =IF(H14="","",SUMIFS(HISTORIAL!$K$5:$K$2004,HISTORIAL!$E$5:$E$2004,$A14,HISTORIAL!$F$5:$F$2004,"Trabajo",HISTORIAL!$B$5:$B$2004,H14,HISTORIAL!$I$5:$I$2004,2)) | L14: =IF(H14="","",SUMIFS(HISTORIAL!$K$5:$K$2004,HISTORIAL!$E$5:$E$2004,$A14,HISTORIAL!$F$5:$F$2004,"Trabajo",HISTORIAL!$B$5:$B$2004,H14,HISTORIAL!$I$5:$I$2004,3)) | M14: =IF(H14="","",MIN(J14:L14)) | N14: =IF(AND(IF(H14="","CALIBRAR",IF(M14>=E14,"SUBIR CARGA",IF(M14<D14,"MANTENER · por debajo del rango","MANTENER · sumar repeticiones")))="SUBIR CARGA",ISNUMBER(CONFIGURACIÓN!$C$30)),IF(I14+G14>CONFIGURACIÓN!$C$30,"PILA AL MÁXIMO · valorar cambio a remo unilateral","SUBIR CARGA"),IF(H14="","CALIBRAR",IF(M14>=E14,"SUBIR CARGA",IF(M14<D14,"MANTENER · por debajo del rango","MANTENER · sumar repeticiones")))) -> CALIBRAR | O14: =IF(H14="","",IF(N14="SUBIR CARGA",IF(CONFIGURACIÓN!$C$9="ABAJO",INT((I14+MAX(G14,I14*CONFIGURACIÓN!$C$28))/(G14))*(G14),IF(CONFIGURACIÓN!$C$9="ARRIBA",-INT(-(I14+MAX(G14,I14*CONFIGURACIÓN!$C$28))/(G14))*(G14),ROUND((I14+MAX(G14,I14*CONFIGURACIÓN!$C$28))/(G14),0)*(G14))),I14)) | Q14: =IF(H14="","Calibrar: carga que permita "&D14&"–"&(D14+2)&" reps @RIR 1–2 en la 1ª serie",IF(N14="SUBIR CARGA","Nueva carga: "&F14&"×"&INDEX(CONFIGURACIÓN!$J$42:$J$56,MATCH($A14,CONFIGURACIÓN!$B$42:$B$56,0))&" aprox.",IF(LEFT(N14,4)="PILA","Pila al máximo: proponer cambio a Remo unilateral con mancuerna","Superar "&J14&"/"&K14&"/"&L14&" con "&I14&" kg → +1 rep por serie hasta "&F14&"×"&E14))) -> Calibrar: carga que permita 8–10 reps @RIR 1–2 en la 1ª serie | R14: =IF(ISNUMBER(INDEX(CONFIGURACIÓN!$K$42:$K$56,MATCH($A14,CONFIGURACIÓN!$B$42:$B$56,0))),IF(WEEKDAY(MAX(IF(ISNUMBER(H14),H14,0),TODAY()-1),2)<INDEX(CONFIGURACIÓN!$K$42:$K$56,MATCH($A14,CONFIGURACIÓN!$B$42:$B$56,0)),MAX(IF(ISNUMBER(H14),H14,0),TODAY()-1)+INDEX(CONFIGURACIÓN!$K$42:$K$56,MATCH($A14,CONFIGURACIÓN!$B$42:$B$56,0))-WEEKDAY(MAX(IF(ISNUMBER(H14),H14,0),TODAY()-1),2),IF(WEEKDAY(MAX(IF(ISNUMBER(H14),H14,0),TODAY()-1),2)<IF(ISNUMBER(INDEX(CONFIGURACIÓN!$L$42:$L$56,MATCH($A14,CONFIGURACIÓN!$B$42:$B$56,0))),INDEX(CONFIGURACIÓN!$L$42:$L$56,MATCH($A14,CONFIGURACIÓN!$B$42:$B$56,0)),INDEX(CONFIGURACIÓN!$K$42:$K$56,MATCH($A14,CONFIGURACIÓN!$B$42:$B$56,0))),MAX(IF(ISNUMBER(H14),H14,0),TODAY()-1)+IF(ISNUMBER(INDEX(CONFIGURACIÓN!$L$42:$L$56,MATCH($A14,CONFIGURACIÓN!$B$42:$B$56,0))),INDEX(CONFIGURACIÓN!$L$42:$L$56,MATCH($A14,CONFIGURACIÓN!$B$42:$B$56,0)),INDEX(CONFIGURACIÓN!$K$42:$K$56,MATCH($A14,CONFIGURACIÓN!$B$42:$B$56,0)))-WEEKDAY(MAX(IF(ISNUMBER(H14),H14,0),TODAY()-1),2),MAX(IF(ISNUMBER(H14),H14,0),TODAY()-1)+7-WEEKDAY(MAX(IF(ISNUMBER(H14),H14,0),TODAY()-1),2)+INDEX(CONFIGURACIÓN!$K$42:$K$56,MATCH($A14,CONFIGURACIÓN!$B$42:$B$56,0)))),"") -> 46294
A15: Remo unilateral con mancuerna | B15: Doble progresión | C15: =D15&"–"&E15 -> 8–15 | D15: =INDEX(CONFIGURACIÓN!$E$42:$E$56,MATCH($A15,CONFIGURACIÓN!$B$42:$B$56,0)) -> 8 | E15: =INDEX(CONFIGURACIÓN!$F$42:$F$56,MATCH($A15,CONFIGURACIÓN!$B$42:$B$56,0)) -> 15 | F15: =INDEX(CONFIGURACIÓN!$G$42:$G$56,MATCH($A15,CONFIGURACIÓN!$B$42:$B$56,0)) -> 3 | G15: =INDEX(CONFIGURACIÓN!$H$42:$H$56,MATCH($A15,CONFIGURACIÓN!$B$42:$B$56,0)) -> 2 | H15: =IF(_xlfn.MAXIFS(HISTORIAL!$B$5:$B$2004,HISTORIAL!$E$5:$E$2004,$A15,HISTORIAL!$F$5:$F$2004,"Trabajo")=0,"",_xlfn.MAXIFS(HISTORIAL!$B$5:$B$2004,HISTORIAL!$E$5:$E$2004,$A15,HISTORIAL!$F$5:$F$2004,"Trabajo")) | I15: =IF(H15="","",_xlfn.MAXIFS(HISTORIAL!$J$5:$J$2004,HISTORIAL!$E$5:$E$2004,$A15,HISTORIAL!$F$5:$F$2004,"Trabajo",HISTORIAL!$B$5:$B$2004,H15)) | J15: =IF(H15="","",SUMIFS(HISTORIAL!$K$5:$K$2004,HISTORIAL!$E$5:$E$2004,$A15,HISTORIAL!$F$5:$F$2004,"Trabajo",HISTORIAL!$B$5:$B$2004,H15,HISTORIAL!$I$5:$I$2004,1)) | K15: =IF(H15="","",SUMIFS(HISTORIAL!$K$5:$K$2004,HISTORIAL!$E$5:$E$2004,$A15,HISTORIAL!$F$5:$F$2004,"Trabajo",HISTORIAL!$B$5:$B$2004,H15,HISTORIAL!$I$5:$I$2004,2)) | L15: =IF(H15="","",SUMIFS(HISTORIAL!$K$5:$K$2004,HISTORIAL!$E$5:$E$2004,$A15,HISTORIAL!$F$5:$F$2004,"Trabajo",HISTORIAL!$B$5:$B$2004,H15,HISTORIAL!$I$5:$I$2004,3)) | M15: =IF(H15="","",MIN(J15:L15)) | N15: =IF(H15="","CALIBRAR",IF(M15>=E15,"SUBIR CARGA",IF(M15<D15,"MANTENER · por debajo del rango","MANTENER · sumar repeticiones"))) -> CALIBRAR | O15: =IF(H15="","",IF(N15="SUBIR CARGA",IF(CONFIGURACIÓN!$C$9="ABAJO",INT((I15+MAX(G15,I15*CONFIGURACIÓN!$C$28))/(G15))*(G15),IF(CONFIGURACIÓN!$C$9="ARRIBA",-INT(-(I15+MAX(G15,I15*CONFIGURACIÓN!$C$28))/(G15))*(G15),ROUND((I15+MAX(G15,I15*CONFIGURACIÓN!$C$28))/(G15),0)*(G15))),I15)) | Q15: =IF(H15="","Calibrar: carga que permita "&D15&"–"&(D15+2)&" reps @RIR 1–2 en la 1ª serie",IF(N15="SUBIR CARGA","Nueva carga: "&F15&"×"&INDEX(CONFIGURACIÓN!$J$42:$J$56,MATCH($A15,CONFIGURACIÓN!$B$42:$B$56,0))&" aprox.",IF(LEFT(N15,4)="PILA","Pila al máximo: proponer cambio a Remo unilateral con mancuerna","Superar "&J15&"/"&K15&"/"&L15&" con "&I15&" kg → +1 rep por serie hasta "&F15&"×"&E15))) -> Calibrar: carga que permita 8–10 reps @RIR 1–2 en la 1ª serie | R15: =IF(ISNUMBER(INDEX(CONFIGURACIÓN!$K$42:$K$56,MATCH($A15,CONFIGURACIÓN!$B$42:$B$56,0))),IF(WEEKDAY(MAX(IF(ISNUMBER(H15),H15,0),TODAY()-1),2)<INDEX(CONFIGURACIÓN!$K$42:$K$56,MATCH($A15,CONFIGURACIÓN!$B$42:$B$56,0)),MAX(IF(ISNUMBER(H15),H15,0),TODAY()-1)+INDEX(CONFIGURACIÓN!$K$42:$K$56,MATCH($A15,CONFIGURACIÓN!$B$42:$B$56,0))-WEEKDAY(MAX(IF(ISNUMBER(H15),H15,0),TODAY()-1),2),IF(WEEKDAY(MAX(IF(ISNUMBER(H15),H15,0),TODAY()-1),2)<IF(ISNUMBER(INDEX(CONFIGURACIÓN!$L$42:$L$56,MATCH($A15,CONFIGURACIÓN!$B$42:$B$56,0))),INDEX(CONFIGURACIÓN!$L$42:$L$56,MATCH($A15,CONFIGURACIÓN!$B$42:$B$56,0)),INDEX(CONFIGURACIÓN!$K$42:$K$56,MATCH($A15,CONFIGURACIÓN!$B$42:$B$56,0))),MAX(IF(ISNUMBER(H15),H15,0),TODAY()-1)+IF(ISNUMBER(INDEX(CONFIGURACIÓN!$L$42:$L$56,MATCH($A15,CONFIGURACIÓN!$B$42:$B$56,0))),INDEX(CONFIGURACIÓN!$L$42:$L$56,MATCH($A15,CONFIGURACIÓN!$B$42:$B$56,0)),INDEX(CONFIGURACIÓN!$K$42:$K$56,MATCH($A15,CONFIGURACIÓN!$B$42:$B$56,0)))-WEEKDAY(MAX(IF(ISNUMBER(H15),H15,0),TODAY()-1),2),MAX(IF(ISNUMBER(H15),H15,0),TODAY()-1)+7-WEEKDAY(MAX(IF(ISNUMBER(H15),H15,0),TODAY()-1),2)+INDEX(CONFIGURACIÓN!$K$42:$K$56,MATCH($A15,CONFIGURACIÓN!$B$42:$B$56,0)))),"") -> 46294
A16: Bíceps con mancuernas | B16: Doble progresión | C16: =D16&"–"&E16 -> 3–8 | D16: =INDEX(CONFIGURACIÓN!$E$42:$E$56,MATCH($A16,CONFIGURACIÓN!$B$42:$B$56,0)) -> 3 | E16: =INDEX(CONFIGURACIÓN!$F$42:$F$56,MATCH($A16,CONFIGURACIÓN!$B$42:$B$56,0)) -> 8 | F16: =INDEX(CONFIGURACIÓN!$G$42:$G$56,MATCH($A16,CONFIGURACIÓN!$B$42:$B$56,0)) -> 3 | G16: =INDEX(CONFIGURACIÓN!$H$42:$H$56,MATCH($A16,CONFIGURACIÓN!$B$42:$B$56,0)) -> 2 | H16: =IF(_xlfn.MAXIFS(HISTORIAL!$B$5:$B$2004,HISTORIAL!$E$5:$E$2004,$A16,HISTORIAL!$F$5:$F$2004,"Trabajo")=0,"",_xlfn.MAXIFS(HISTORIAL!$B$5:$B$2004,HISTORIAL!$E$5:$E$2004,$A16,HISTORIAL!$F$5:$F$2004,"Trabajo")) | I16: =IF(H16="","",_xlfn.MAXIFS(HISTORIAL!$J$5:$J$2004,HISTORIAL!$E$5:$E$2004,$A16,HISTORIAL!$F$5:$F$2004,"Trabajo",HISTORIAL!$B$5:$B$2004,H16)) | J16: =IF(H16="","",SUMIFS(HISTORIAL!$K$5:$K$2004,HISTORIAL!$E$5:$E$2004,$A16,HISTORIAL!$F$5:$F$2004,"Trabajo",HISTORIAL!$B$5:$B$2004,H16,HISTORIAL!$I$5:$I$2004,1)) | K16: =IF(H16="","",SUMIFS(HISTORIAL!$K$5:$K$2004,HISTORIAL!$E$5:$E$2004,$A16,HISTORIAL!$F$5:$F$2004,"Trabajo",HISTORIAL!$B$5:$B$2004,H16,HISTORIAL!$I$5:$I$2004,2)) | L16: =IF(H16="","",SUMIFS(HISTORIAL!$K$5:$K$2004,HISTORIAL!$E$5:$E$2004,$A16,HISTORIAL!$F$5:$F$2004,"Trabajo",HISTORIAL!$B$5:$B$2004,H16,HISTORIAL!$I$5:$I$2004,3)) | M16: =IF(H16="","",MIN(J16:L16)) | N16: =IF(H16="","CALIBRAR",IF(M16>=E16,"SUBIR CARGA",IF(M16<D16,"MANTENER · por debajo del rango","MANTENER · sumar repeticiones"))) -> CALIBRAR | O16: =IF(H16="","",IF(N16="SUBIR CARGA",IF(CONFIGURACIÓN!$C$9="ABAJO",INT((I16+MAX(G16,I16*CONFIGURACIÓN!$C$28))/(G16))*(G16),IF(CONFIGURACIÓN!$C$9="ARRIBA",-INT(-(I16+MAX(G16,I16*CONFIGURACIÓN!$C$28))/(G16))*(G16),ROUND((I16+MAX(G16,I16*CONFIGURACIÓN!$C$28))/(G16),0)*(G16))),I16)) | Q16: =IF(H16="","Calibrar: carga que permita "&D16&"–"&(D16+2)&" reps @RIR 1–2 en la 1ª serie",IF(N16="SUBIR CARGA","Nueva carga: "&F16&"×"&INDEX(CONFIGURACIÓN!$J$42:$J$56,MATCH($A16,CONFIGURACIÓN!$B$42:$B$56,0))&" aprox.",IF(LEFT(N16,4)="PILA","Pila al máximo: proponer cambio a Remo unilateral con mancuerna","Superar "&J16&"/"&K16&"/"&L16&" con "&I16&" kg → +1 rep por serie hasta "&F16&"×"&E16))) -> Calibrar: carga que permita 3–5 reps @RIR 1–2 en la 1ª serie | R16: =IF(ISNUMBER(INDEX(CONFIGURACIÓN!$K$42:$K$56,MATCH($A16,CONFIGURACIÓN!$B$42:$B$56,0))),IF(WEEKDAY(MAX(IF(ISNUMBER(H16),H16,0),TODAY()-1),2)<INDEX(CONFIGURACIÓN!$K$42:$K$56,MATCH($A16,CONFIGURACIÓN!$B$42:$B$56,0)),MAX(IF(ISNUMBER(H16),H16,0),TODAY()-1)+INDEX(CONFIGURACIÓN!$K$42:$K$56,MATCH($A16,CONFIGURACIÓN!$B$42:$B$56,0))-WEEKDAY(MAX(IF(ISNUMBER(H16),H16,0),TODAY()-1),2),IF(WEEKDAY(MAX(IF(ISNUMBER(H16),H16,0),TODAY()-1),2)<IF(ISNUMBER(INDEX(CONFIGURACIÓN!$L$42:$L$56,MATCH($A16,CONFIGURACIÓN!$B$42:$B$56,0))),INDEX(CONFIGURACIÓN!$L$42:$L$56,MATCH($A16,CONFIGURACIÓN!$B$42:$B$56,0)),INDEX(CONFIGURACIÓN!$K$42:$K$56,MATCH($A16,CONFIGURACIÓN!$B$42:$B$56,0))),MAX(IF(ISNUMBER(H16),H16,0),TODAY()-1)+IF(ISNUMBER(INDEX(CONFIGURACIÓN!$L$42:$L$56,MATCH($A16,CONFIGURACIÓN!$B$42:$B$56,0))),INDEX(CONFIGURACIÓN!$L$42:$L$56,MATCH($A16,CONFIGURACIÓN!$B$42:$B$56,0)),INDEX(CONFIGURACIÓN!$K$42:$K$56,MATCH($A16,CONFIGURACIÓN!$B$42:$B$56,0)))-WEEKDAY(MAX(IF(ISNUMBER(H16),H16,0),TODAY()-1),2),MAX(IF(ISNUMBER(H16),H16,0),TODAY()-1)+7-WEEKDAY(MAX(IF(ISNUMBER(H16),H16,0),TODAY()-1),2)+INDEX(CONFIGURACIÓN!$K$42:$K$56,MATCH($A16,CONFIGURACIÓN!$B$42:$B$56,0)))),"") -> 46294
A17: Salto vertical (CMJ) | B17: Potencia | C17: =D17&"–"&E17 -> 3–3 | D17: =INDEX(CONFIGURACIÓN!$E$42:$E$56,MATCH($A17,CONFIGURACIÓN!$B$42:$B$56,0)) -> 3 | E17: =INDEX(CONFIGURACIÓN!$F$42:$F$56,MATCH($A17,CONFIGURACIÓN!$B$42:$B$56,0)) -> 3 | F17: =INDEX(CONFIGURACIÓN!$G$42:$G$56,MATCH($A17,CONFIGURACIÓN!$B$42:$B$56,0)) -> 4 | G17: =INDEX(CONFIGURACIÓN!$H$42:$H$56,MATCH($A17,CONFIGURACIÓN!$B$42:$B$56,0)) -> 0 | H17: =IF(_xlfn.MAXIFS(HISTORIAL!$B$5:$B$2004,HISTORIAL!$E$5:$E$2004,$A17,HISTORIAL!$F$5:$F$2004,"Potencia")=0,"",_xlfn.MAXIFS(HISTORIAL!$B$5:$B$2004,HISTORIAL!$E$5:$E$2004,$A17,HISTORIAL!$F$5:$F$2004,"Potencia")) | I17: =IF(H17="","",_xlfn.MAXIFS(HISTORIAL!$J$5:$J$2004,HISTORIAL!$E$5:$E$2004,$A17,HISTORIAL!$F$5:$F$2004,"Potencia",HISTORIAL!$B$5:$B$2004,H17)) | J17: =IF(H17="","",SUMIFS(HISTORIAL!$K$5:$K$2004,HISTORIAL!$E$5:$E$2004,$A17,HISTORIAL!$F$5:$F$2004,"Potencia",HISTORIAL!$B$5:$B$2004,H17,HISTORIAL!$I$5:$I$2004,1)) | K17: =IF(H17="","",SUMIFS(HISTORIAL!$K$5:$K$2004,HISTORIAL!$E$5:$E$2004,$A17,HISTORIAL!$F$5:$F$2004,"Potencia",HISTORIAL!$B$5:$B$2004,H17,HISTORIAL!$I$5:$I$2004,2)) | L17: =IF(H17="","",SUMIFS(HISTORIAL!$K$5:$K$2004,HISTORIAL!$E$5:$E$2004,$A17,HISTORIAL!$F$5:$F$2004,"Potencia",HISTORIAL!$B$5:$B$2004,H17,HISTORIAL!$I$5:$I$2004,3)) | M17: =IF(H17="","",MIN(J17:L17)) | N17: =IF(H17="","CALIBRAR",IF(COUNTIFS(HISTORIAL!$E$5:$E$2004,$A17,HISTORIAL!$F$5:$F$2004,"Potencia",HISTORIAL!$B$5:$B$2004,H17,HISTORIAL!$P$5:$P$2004,"C")>0,"BAJAR carga o volumen",IF(COUNTIFS(HISTORIAL!$E$5:$E$2004,$A17,HISTORIAL!$F$5:$F$2004,"Potencia",HISTORIAL!$B$5:$B$2004,H17,HISTORIAL!$P$5:$P$2004,"A")=COUNTIFS(HISTORIAL!$E$5:$E$2004,$A17,HISTORIAL!$F$5:$F$2004,"Potencia",HISTORIAL!$B$5:$B$2004,H17),"SUBIR ligeramente","MANTENER"))) -> CALIBRAR | O17: 0 | P17: 0 | Q17: =F17&"×"&D17&" a máxima velocidad, técnica perfecta. Si la velocidad cae: bajar carga/volumen o terminar." -> 4×3 a máxima velocidad, técnica perfecta. Si la velocidad cae: bajar carga/volumen o terminar. | R17: =IF(ISNUMBER(INDEX(CONFIGURACIÓN!$K$42:$K$56,MATCH($A17,CONFIGURACIÓN!$B$42:$B$56,0))),IF(WEEKDAY(MAX(IF(ISNUMBER(H17),H17,0),TODAY()-1),2)<INDEX(CONFIGURACIÓN!$K$42:$K$56,MATCH($A17,CONFIGURACIÓN!$B$42:$B$56,0)),MAX(IF(ISNUMBER(H17),H17,0),TODAY()-1)+INDEX(CONFIGURACIÓN!$K$42:$K$56,MATCH($A17,CONFIGURACIÓN!$B$42:$B$56,0))-WEEKDAY(MAX(IF(ISNUMBER(H17),H17,0),TODAY()-1),2),IF(WEEKDAY(MAX(IF(ISNUMBER(H17),H17,0),TODAY()-1),2)<IF(ISNUMBER(INDEX(CONFIGURACIÓN!$L$42:$L$56,MATCH($A17,CONFIGURACIÓN!$B$42:$B$56,0))),INDEX(CONFIGURACIÓN!$L$42:$L$56,MATCH($A17,CONFIGURACIÓN!$B$42:$B$56,0)),INDEX(CONFIGURACIÓN!$K$42:$K$56,MATCH($A17,CONFIGURACIÓN!$B$42:$B$56,0))),MAX(IF(ISNUMBER(H17),H17,0),TODAY()-1)+IF(ISNUMBER(INDEX(CONFIGURACIÓN!$L$42:$L$56,MATCH($A17,CONFIGURACIÓN!$B$42:$B$56,0))),INDEX(CONFIGURACIÓN!$L$42:$L$56,MATCH($A17,CONFIGURACIÓN!$B$42:$B$56,0)),INDEX(CONFIGURACIÓN!$K$42:$K$56,MATCH($A17,CONFIGURACIÓN!$B$42:$B$56,0)))-WEEKDAY(MAX(IF(ISNUMBER(H17),H17,0),TODAY()-1),2),MAX(IF(ISNUMBER(H17),H17,0),TODAY()-1)+7-WEEKDAY(MAX(IF(ISNUMBER(H17),H17,0),TODAY()-1),2)+INDEX(CONFIGURACIÓN!$K$42:$K$56,MATCH($A17,CONFIGURACIÓN!$B$42:$B$56,0)))),"") -> 46295 | S17: CMJ: 0 = peso corporal.
A18: Press banca dinámico | B18: Potencia | C18: =D18&"–"&E18 -> 3–3 | D18: =INDEX(CONFIGURACIÓN!$E$42:$E$56,MATCH($A18,CONFIGURACIÓN!$B$42:$B$56,0)) -> 3 | E18: =INDEX(CONFIGURACIÓN!$F$42:$F$56,MATCH($A18,CONFIGURACIÓN!$B$42:$B$56,0)) -> 3 | F18: =INDEX(CONFIGURACIÓN!$G$42:$G$56,MATCH($A18,CONFIGURACIÓN!$B$42:$B$56,0)) -> 5 | G18: =INDEX(CONFIGURACIÓN!$H$42:$H$56,MATCH($A18,CONFIGURACIÓN!$B$42:$B$56,0)) -> 2 | H18: =IF(_xlfn.MAXIFS(HISTORIAL!$B$5:$B$2004,HISTORIAL!$E$5:$E$2004,$A18,HISTORIAL!$F$5:$F$2004,"Potencia")=0,"",_xlfn.MAXIFS(HISTORIAL!$B$5:$B$2004,HISTORIAL!$E$5:$E$2004,$A18,HISTORIAL!$F$5:$F$2004,"Potencia")) | I18: =IF(H18="","",_xlfn.MAXIFS(HISTORIAL!$J$5:$J$2004,HISTORIAL!$E$5:$E$2004,$A18,HISTORIAL!$F$5:$F$2004,"Potencia",HISTORIAL!$B$5:$B$2004,H18)) | J18: =IF(H18="","",SUMIFS(HISTORIAL!$K$5:$K$2004,HISTORIAL!$E$5:$E$2004,$A18,HISTORIAL!$F$5:$F$2004,"Potencia",HISTORIAL!$B$5:$B$2004,H18,HISTORIAL!$I$5:$I$2004,1)) | K18: =IF(H18="","",SUMIFS(HISTORIAL!$K$5:$K$2004,HISTORIAL!$E$5:$E$2004,$A18,HISTORIAL!$F$5:$F$2004,"Potencia",HISTORIAL!$B$5:$B$2004,H18,HISTORIAL!$I$5:$I$2004,2)) | L18: =IF(H18="","",SUMIFS(HISTORIAL!$K$5:$K$2004,HISTORIAL!$E$5:$E$2004,$A18,HISTORIAL!$F$5:$F$2004,"Potencia",HISTORIAL!$B$5:$B$2004,H18,HISTORIAL!$I$5:$I$2004,3)) | M18: =IF(H18="","",MIN(J18:L18)) | N18: =IF(H18="","CALIBRAR",IF(COUNTIFS(HISTORIAL!$E$5:$E$2004,$A18,HISTORIAL!$F$5:$F$2004,"Potencia",HISTORIAL!$B$5:$B$2004,H18,HISTORIAL!$P$5:$P$2004,"C")>0,"BAJAR carga o volumen",IF(COUNTIFS(HISTORIAL!$E$5:$E$2004,$A18,HISTORIAL!$F$5:$F$2004,"Potencia",HISTORIAL!$B$5:$B$2004,H18,HISTORIAL!$P$5:$P$2004,"A")=COUNTIFS(HISTORIAL!$E$5:$E$2004,$A18,HISTORIAL!$F$5:$F$2004,"Potencia",HISTORIAL!$B$5:$B$2004,H18),"SUBIR ligeramente","MANTENER"))) -> CALIBRAR | O18: =IF(H18="",IF(ISNUMBER('ESTADO ACTUAL'!$O$6),INT(('ESTADO ACTUAL'!$O$6*CONFIGURACIÓN!$C$35)/(G18))*(G18),""),IF(N18="SUBIR ligeramente",I18+G18,IF(N18="BAJAR carga o volumen",MAX(0,I18-2*G18),I18))) | Q18: =F18&"×"&D18&" a máxima velocidad, técnica perfecta. Si la velocidad cae: bajar carga/volumen o terminar." -> 5×3 a máxima velocidad, técnica perfecta. Si la velocidad cae: bajar carga/volumen o terminar. | R18: =IF(ISNUMBER(INDEX(CONFIGURACIÓN!$K$42:$K$56,MATCH($A18,CONFIGURACIÓN!$B$42:$B$56,0))),IF(WEEKDAY(MAX(IF(ISNUMBER(H18),H18,0),TODAY()-1),2)<INDEX(CONFIGURACIÓN!$K$42:$K$56,MATCH($A18,CONFIGURACIÓN!$B$42:$B$56,0)),MAX(IF(ISNUMBER(H18),H18,0),TODAY()-1)+INDEX(CONFIGURACIÓN!$K$42:$K$56,MATCH($A18,CONFIGURACIÓN!$B$42:$B$56,0))-WEEKDAY(MAX(IF(ISNUMBER(H18),H18,0),TODAY()-1),2),IF(WEEKDAY(MAX(IF(ISNUMBER(H18),H18,0),TODAY()-1),2)<IF(ISNUMBER(INDEX(CONFIGURACIÓN!$L$42:$L$56,MATCH($A18,CONFIGURACIÓN!$B$42:$B$56,0))),INDEX(CONFIGURACIÓN!$L$42:$L$56,MATCH($A18,CONFIGURACIÓN!$B$42:$B$56,0)),INDEX(CONFIGURACIÓN!$K$42:$K$56,MATCH($A18,CONFIGURACIÓN!$B$42:$B$56,0))),MAX(IF(ISNUMBER(H18),H18,0),TODAY()-1)+IF(ISNUMBER(INDEX(CONFIGURACIÓN!$L$42:$L$56,MATCH($A18,CONFIGURACIÓN!$B$42:$B$56,0))),INDEX(CONFIGURACIÓN!$L$42:$L$56,MATCH($A18,CONFIGURACIÓN!$B$42:$B$56,0)),INDEX(CONFIGURACIÓN!$K$42:$K$56,MATCH($A18,CONFIGURACIÓN!$B$42:$B$56,0)))-WEEKDAY(MAX(IF(ISNUMBER(H18),H18,0),TODAY()-1),2),MAX(IF(ISNUMBER(H18),H18,0),TODAY()-1)+7-WEEKDAY(MAX(IF(ISNUMBER(H18),H18,0),TODAY()-1),2)+INDEX(CONFIGURACIÓN!$K$42:$K$56,MATCH($A18,CONFIGURACIÓN!$B$42:$B$56,0)))),"") -> 46295
A19: Sentadilla dinámica | B19: Potencia | C19: =D19&"–"&E19 -> 2–2 | D19: =INDEX(CONFIGURACIÓN!$E$42:$E$56,MATCH($A19,CONFIGURACIÓN!$B$42:$B$56,0)) -> 2 | E19: =INDEX(CONFIGURACIÓN!$F$42:$F$56,MATCH($A19,CONFIGURACIÓN!$B$42:$B$56,0)) -> 2 | F19: =INDEX(CONFIGURACIÓN!$G$42:$G$56,MATCH($A19,CONFIGURACIÓN!$B$42:$B$56,0)) -> 5 | G19: =INDEX(CONFIGURACIÓN!$H$42:$H$56,MATCH($A19,CONFIGURACIÓN!$B$42:$B$56,0)) -> 2 | H19: =IF(_xlfn.MAXIFS(HISTORIAL!$B$5:$B$2004,HISTORIAL!$E$5:$E$2004,$A19,HISTORIAL!$F$5:$F$2004,"Potencia")=0,"",_xlfn.MAXIFS(HISTORIAL!$B$5:$B$2004,HISTORIAL!$E$5:$E$2004,$A19,HISTORIAL!$F$5:$F$2004,"Potencia")) | I19: =IF(H19="","",_xlfn.MAXIFS(HISTORIAL!$J$5:$J$2004,HISTORIAL!$E$5:$E$2004,$A19,HISTORIAL!$F$5:$F$2004,"Potencia",HISTORIAL!$B$5:$B$2004,H19)) | J19: =IF(H19="","",SUMIFS(HISTORIAL!$K$5:$K$2004,HISTORIAL!$E$5:$E$2004,$A19,HISTORIAL!$F$5:$F$2004,"Potencia",HISTORIAL!$B$5:$B$2004,H19,HISTORIAL!$I$5:$I$2004,1)) | K19: =IF(H19="","",SUMIFS(HISTORIAL!$K$5:$K$2004,HISTORIAL!$E$5:$E$2004,$A19,HISTORIAL!$F$5:$F$2004,"Potencia",HISTORIAL!$B$5:$B$2004,H19,HISTORIAL!$I$5:$I$2004,2)) | L19: =IF(H19="","",SUMIFS(HISTORIAL!$K$5:$K$2004,HISTORIAL!$E$5:$E$2004,$A19,HISTORIAL!$F$5:$F$2004,"Potencia",HISTORIAL!$B$5:$B$2004,H19,HISTORIAL!$I$5:$I$2004,3)) | M19: =IF(H19="","",MIN(J19:L19)) | N19: =IF(H19="","CALIBRAR",IF(COUNTIFS(HISTORIAL!$E$5:$E$2004,$A19,HISTORIAL!$F$5:$F$2004,"Potencia",HISTORIAL!$B$5:$B$2004,H19,HISTORIAL!$P$5:$P$2004,"C")>0,"BAJAR carga o volumen",IF(COUNTIFS(HISTORIAL!$E$5:$E$2004,$A19,HISTORIAL!$F$5:$F$2004,"Potencia",HISTORIAL!$B$5:$B$2004,H19,HISTORIAL!$P$5:$P$2004,"A")=COUNTIFS(HISTORIAL!$E$5:$E$2004,$A19,HISTORIAL!$F$5:$F$2004,"Potencia",HISTORIAL!$B$5:$B$2004,H19),"SUBIR ligeramente","MANTENER"))) -> CALIBRAR | O19: =IF(H19="",IF(ISNUMBER($P$9),INT(($P$9*CONFIGURACIÓN!$C$36)/(G19))*(G19),""),IF(N19="SUBIR ligeramente",I19+G19,IF(N19="BAJAR carga o volumen",MAX(0,I19-2*G19),I19))) | Q19: =F19&"×"&D19&" a máxima velocidad, técnica perfecta. Si la velocidad cae: bajar carga/volumen o terminar." -> 5×2 a máxima velocidad, técnica perfecta. Si la velocidad cae: bajar carga/volumen o terminar. | R19: =IF(ISNUMBER(INDEX(CONFIGURACIÓN!$K$42:$K$56,MATCH($A19,CONFIGURACIÓN!$B$42:$B$56,0))),IF(WEEKDAY(MAX(IF(ISNUMBER(H19),H19,0),TODAY()-1),2)<INDEX(CONFIGURACIÓN!$K$42:$K$56,MATCH($A19,CONFIGURACIÓN!$B$42:$B$56,0)),MAX(IF(ISNUMBER(H19),H19,0),TODAY()-1)+INDEX(CONFIGURACIÓN!$K$42:$K$56,MATCH($A19,CONFIGURACIÓN!$B$42:$B$56,0))-WEEKDAY(MAX(IF(ISNUMBER(H19),H19,0),TODAY()-1),2),IF(WEEKDAY(MAX(IF(ISNUMBER(H19),H19,0),TODAY()-1),2)<IF(ISNUMBER(INDEX(CONFIGURACIÓN!$L$42:$L$56,MATCH($A19,CONFIGURACIÓN!$B$42:$B$56,0))),INDEX(CONFIGURACIÓN!$L$42:$L$56,MATCH($A19,CONFIGURACIÓN!$B$42:$B$56,0)),INDEX(CONFIGURACIÓN!$K$42:$K$56,MATCH($A19,CONFIGURACIÓN!$B$42:$B$56,0))),MAX(IF(ISNUMBER(H19),H19,0),TODAY()-1)+IF(ISNUMBER(INDEX(CONFIGURACIÓN!$L$42:$L$56,MATCH($A19,CONFIGURACIÓN!$B$42:$B$56,0))),INDEX(CONFIGURACIÓN!$L$42:$L$56,MATCH($A19,CONFIGURACIÓN!$B$42:$B$56,0)),INDEX(CONFIGURACIÓN!$K$42:$K$56,MATCH($A19,CONFIGURACIÓN!$B$42:$B$56,0)))-WEEKDAY(MAX(IF(ISNUMBER(H19),H19,0),TODAY()-1),2),MAX(IF(ISNUMBER(H19),H19,0),TODAY()-1)+7-WEEKDAY(MAX(IF(ISNUMBER(H19),H19,0),TODAY()-1),2)+INDEX(CONFIGURACIÓN!$K$42:$K$56,MATCH($A19,CONFIGURACIÓN!$B$42:$B$56,0)))),"") -> 46295
A21: REGLAS DE PROGRESIÓN:
A22: • Bilbo (banca, militar, remo polea): +1 incremento por sesión; las reps bajan; ciclo termina ≈15 reps; nuevo ciclo con carga inicial SUPERIOR a la inicial anterior.
A23: • Post-Bilbo: peso = Bilbo × (1+%); 3×8–12 @RIR1; % se ajusta según ESTADO ACTUAL (Evaluación post).
A24: • Sentadilla / Bíceps / Tríceps: 3–8 reps, doble progresión; al lograr 3×8 → subir carga y volver a ≈3×5–6.
A25: • Press inclinado: 6–10, doble progresión; al lograr 3×10 → subir y volver a ≈3×7–8.
A26: • Jalón: 8–15; al lograr ≈3×15 → subir. Si la pila limita → Remo unilateral con mancuerna (cambiar en CONFIGURACIÓN).
A27: • Elevaciones laterales 10–20 · Trapecio 8–15: doble progresión.
A28: • Potencia (miércoles): subir solo si todas las series son velocidad A; alguna C → bajar carga/volumen o terminar.
A29: • Una sesión mala aislada no provoca cambios drásticos; varias seguidas → analizar fatiga (INSTRUCCIONES §20).

Sheet SESIÓN ACTUAL
A1: SESIÓN ACTUAL — la sesión que toca
A2: Se genera sola desde PLAN SEMANAL + ESTADO ACTUAL + PROGRESIONES. La IA ajusta la fecha tras cada sesión.
A3: Leyenda: celdas AMARILLAS con texto AZUL = entrada/decisión (se editan). Celdas GRISES = fórmula (no tocar). Texto VERDE = vínculo a otra hoja (no tocar).
A5: Fecha de la sesión | C5: =IF(WEEKDAY(TODAY(),2)>5,TODAY()+8-WEEKDAY(TODAY(),2),TODAY()) -> 46293
A6: Día según fecha | C6: =CHOOSE(WEEKDAY(C5,2),"LUNES","MARTES","MIÉRCOLES","JUEVES","VIERNES","SÁBADO","DOMINGO") -> LUNES
A7: Forzar día del plan (opcional)
A8: Día del plan efectivo | C8: =IF(C7<>"",C7,C6) -> LUNES
A9: Sesión | C9: =IFERROR(INDEX('PLAN SEMANAL'!$D$5:$D$32,MATCH(C8&"|1",'PLAN SEMANAL'!$A$5:$A$32,0)),"DESCANSO (fin de semana)") -> EMPUJE
A10: Movilidad previa | C10: =IF(C8="MIÉRCOLES",CONFIGURACIÓN!$C$38,CONFIGURACIÓN!$C$37) -> Cuello y hombros (círculos, dislocaciones con palo/banda) · rotaciones torácicas · círculos de cadera y 90/90 · tobillo a pared · muñecas
A12: Línea | B12: Ejercicio | C12: Tipo | D12: Aprox. 1 | E12: Aprox. 2 | F12: Carga (kg) | G12: Series | H12: Reps objetivo | I12: RIR | J12: Descanso | K12: Ciclo / progresión | L12: Notas | M12: RESULTADO (rellenar: peso × reps @RIR)
A13: =IFERROR(IF(INDEX('PLAN SEMANAL'!$C$5:$C$32,MATCH($C$8&"|"&1,'PLAN SEMANAL'!$A$5:$A$32,0))=0,"",INDEX('PLAN SEMANAL'!$C$5:$C$32,MATCH($C$8&"|"&1,'PLAN SEMANAL'!$A$5:$A$32,0))),"") -> 1 | B13: =IFERROR(INDEX('PLAN SEMANAL'!$E$5:$E$32,MATCH($C$8&"|"&1,'PLAN SEMANAL'!$A$5:$A$32,0))&"","") -> Press banca | C13: =IFERROR(INDEX('PLAN SEMANAL'!$F$5:$F$32,MATCH($C$8&"|"&1,'PLAN SEMANAL'!$A$5:$A$32,0))&"","") -> Bilbo | D13: =IF(B13="","",IF(IFERROR(INDEX('PLAN SEMANAL'!$K$5:$K$32,MATCH($C$8&"|"&1,'PLAN SEMANAL'!$A$5:$A$32,0)),"No")<>"Sí","—",IF(ISNUMBER(F13),MAX(IF(LEFT(INDEX(CONFIGURACIÓN!$D$42:$D$56,MATCH(B13,CONFIGURACIÓN!$B$42:$B$56,0)),5)="Barra",CONFIGURACIÓN!$C$10,0),INT((F13*CONFIGURACIÓN!$C$31)/(INDEX(CONFIGURACIÓN!$H$42:$H$56,MATCH(B13,CONFIGURACIÓN!$B$42:$B$56,0))))*(INDEX(CONFIGURACIÓN!$H$42:$H$56,MATCH(B13,CONFIGURACIÓN!$B$42:$B$56,0))))&" kg × "&CONFIGURACIÓN!$C$32,"Progresiva ×"&CONFIGURACIÓN!$C$32&" (calibración)"))) -> Progresiva ×8 (calibración) | E13: =IF(B13="","",IF(IFERROR(INDEX('PLAN SEMANAL'!$K$5:$K$32,MATCH($C$8&"|"&1,'PLAN SEMANAL'!$A$5:$A$32,0)),"No")<>"Sí","—",IF(ISNUMBER(F13),MAX(IF(LEFT(INDEX(CONFIGURACIÓN!$D$42:$D$56,MATCH(B13,CONFIGURACIÓN!$B$42:$B$56,0)),5)="Barra",CONFIGURACIÓN!$C$10,0),INT((F13*CONFIGURACIÓN!$C$33)/(INDEX(CONFIGURACIÓN!$H$42:$H$56,MATCH(B13,CONFIGURACIÓN!$B$42:$B$56,0))))*(INDEX(CONFIGURACIÓN!$H$42:$H$56,MATCH(B13,CONFIGURACIÓN!$B$42:$B$56,0))))&" kg × "&CONFIGURACIÓN!$C$34,"Progresiva ×"&CONFIGURACIÓN!$C$34&" (calibración)"))) -> Progresiva ×5 (calibración) | F13: =IF(B13="","",IFERROR(IF(C13="Bilbo",IF(ISNUMBER(INDEX('ESTADO ACTUAL'!$O$6:$O$8,MATCH(B13,'ESTADO ACTUAL'!$A$6:$A$8,0))),INDEX('ESTADO ACTUAL'!$O$6:$O$8,MATCH(B13,'ESTADO ACTUAL'!$A$6:$A$8,0)),"CALIBRAR (§21)"),IF(C13="Post-Bilbo",IF(ISNUMBER(INDEX('ESTADO ACTUAL'!$AF$6:$AF$8,MATCH(B13,'ESTADO ACTUAL'!$A$6:$A$8,0))),INDEX('ESTADO ACTUAL'!$AF$6:$AF$8,MATCH(B13,'ESTADO ACTUAL'!$A$6:$A$8,0)),"Bilbo × (1+"&ROUND(CONFIGURACIÓN!$C$23*100,1)&"%)"),IF(C13="Movilidad","—",IF(LEFT(INDEX(CONFIGURACIÓN!$D$42:$D$56,MATCH(B13,CONFIGURACIÓN!$B$42:$B$56,0)),4)="Peso","Peso corporal",IF(ISNUMBER(INDEX(PROGRESIONES!$P$6:$P$19,MATCH(B13,PROGRESIONES!$A$6:$A$19,0))),IF(INDEX(PROGRESIONES!$P$6:$P$19,MATCH(B13,PROGRESIONES!$A$6:$A$19,0))=0,"CALIBRAR",INDEX(PROGRESIONES!$P$6:$P$19,MATCH(B13,PROGRESIONES!$A$6:$A$19,0))),"CALIBRAR"))))),"—")) -> CALIBRAR (§21) | G13: =IFERROR(INDEX('PLAN SEMANAL'!$G$5:$G$32,MATCH($C$8&"|"&1,'PLAN SEMANAL'!$A$5:$A$32,0))&"","") -> 1 | H13: =IF(B13="","",IF(C13="Bilbo","Máx. explosivas, sin fallo absoluto · esperadas ≈ "&IF(INDEX('ESTADO ACTUAL'!$R$6:$R$8,MATCH(B13,'ESTADO ACTUAL'!$A$6:$A$8,0))="","30–40 (calibración)",INDEX('ESTADO ACTUAL'!$R$6:$R$8,MATCH(B13,'ESTADO ACTUAL'!$A$6:$A$8,0))),IF(C13="Trabajo",IFERROR(INDEX(PROGRESIONES!$Q$6:$Q$19,MATCH(B13,PROGRESIONES!$A$6:$A$19,0)),INDEX('PLAN SEMANAL'!$H$5:$H$32,MATCH($C$8&"|"&1,'PLAN SEMANAL'!$A$5:$A$32,0))),INDEX('PLAN SEMANAL'!$H$5:$H$32,MATCH($C$8&"|"&1,'PLAN SEMANAL'!$A$5:$A$32,0))))) -> Máx. explosivas, sin fallo absoluto · esperadas ≈ 30–40 (calibración) | I13: =IFERROR(INDEX('PLAN SEMANAL'!$I$5:$I$32,MATCH($C$8&"|"&1,'PLAN SEMANAL'!$A$5:$A$32,0))&"","") -> No se pide | J13: =IFERROR(INDEX('PLAN SEMANAL'!$J$5:$J$32,MATCH($C$8&"|"&1,'PLAN SEMANAL'!$A$5:$A$32,0))&"","") -> 3–5 min antes de las post | K13: =IF(B13="","",IF(C13="Bilbo",INDEX('ESTADO ACTUAL'!$E$6:$E$8,MATCH(B13,'ESTADO ACTUAL'!$A$6:$A$8,0))&" · "&INDEX('ESTADO ACTUAL'!$S$6:$S$8,MATCH(B13,'ESTADO ACTUAL'!$A$6:$A$8,0)),IF(C13="Post-Bilbo","% post "&ROUND(INDEX('ESTADO ACTUAL'!$AE$6:$AE$8,MATCH(B13,'ESTADO ACTUAL'!$A$6:$A$8,0))*100,1)&"% sobre el peso Bilbo · 3×8–12 @RIR1",IFERROR(INDEX(PROGRESIONES!$N$6:$N$19,MATCH(B13,PROGRESIONES!$A$6:$A$19,0)),"")))) -> Ciclo 1 · sesión 1 · SIN DATOS · sesión de calibración | L13: =IFERROR(INDEX('PLAN SEMANAL'!$L$5:$L$32,MATCH($C$8&"|"&1,'PLAN SEMANAL'!$A$5:$A$32,0))&"","") -> Serie protagonista.
A14: =IFERROR(IF(INDEX('PLAN SEMANAL'!$C$5:$C$32,MATCH($C$8&"|"&2,'PLAN SEMANAL'!$A$5:$A$32,0))=0,"",INDEX('PLAN SEMANAL'!$C$5:$C$32,MATCH($C$8&"|"&2,'PLAN SEMANAL'!$A$5:$A$32,0))),"") -> 2 | B14: =IFERROR(INDEX('PLAN SEMANAL'!$E$5:$E$32,MATCH($C$8&"|"&2,'PLAN SEMANAL'!$A$5:$A$32,0))&"","") -> Press banca | C14: =IFERROR(INDEX('PLAN SEMANAL'!$F$5:$F$32,MATCH($C$8&"|"&2,'PLAN SEMANAL'!$A$5:$A$32,0))&"","") -> Post-Bilbo | D14: =IF(B14="","",IF(IFERROR(INDEX('PLAN SEMANAL'!$K$5:$K$32,MATCH($C$8&"|"&2,'PLAN SEMANAL'!$A$5:$A$32,0)),"No")<>"Sí","—",IF(ISNUMBER(F14),MAX(IF(LEFT(INDEX(CONFIGURACIÓN!$D$42:$D$56,MATCH(B14,CONFIGURACIÓN!$B$42:$B$56,0)),5)="Barra",CONFIGURACIÓN!$C$10,0),INT((F14*CONFIGURACIÓN!$C$31)/(INDEX(CONFIGURACIÓN!$H$42:$H$56,MATCH(B14,CONFIGURACIÓN!$B$42:$B$56,0))))*(INDEX(CONFIGURACIÓN!$H$42:$H$56,MATCH(B14,CONFIGURACIÓN!$B$42:$B$56,0))))&" kg × "&CONFIGURACIÓN!$C$32,"Progresiva ×"&CONFIGURACIÓN!$C$32&" (calibración)"))) -> — | E14: =IF(B14="","",IF(IFERROR(INDEX('PLAN SEMANAL'!$K$5:$K$32,MATCH($C$8&"|"&2,'PLAN SEMANAL'!$A$5:$A$32,0)),"No")<>"Sí","—",IF(ISNUMBER(F14),MAX(IF(LEFT(INDEX(CONFIGURACIÓN!$D$42:$D$56,MATCH(B14,CONFIGURACIÓN!$B$42:$B$56,0)),5)="Barra",CONFIGURACIÓN!$C$10,0),INT((F14*CONFIGURACIÓN!$C$33)/(INDEX(CONFIGURACIÓN!$H$42:$H$56,MATCH(B14,CONFIGURACIÓN!$B$42:$B$56,0))))*(INDEX(CONFIGURACIÓN!$H$42:$H$56,MATCH(B14,CONFIGURACIÓN!$B$42:$B$56,0))))&" kg × "&CONFIGURACIÓN!$C$34,"Progresiva ×"&CONFIGURACIÓN!$C$34&" (calibración)"))) -> — | F14: =IF(B14="","",IFERROR(IF(C14="Bilbo",IF(ISNUMBER(INDEX('ESTADO ACTUAL'!$O$6:$O$8,MATCH(B14,'ESTADO ACTUAL'!$A$6:$A$8,0))),INDEX('ESTADO ACTUAL'!$O$6:$O$8,MATCH(B14,'ESTADO ACTUAL'!$A$6:$A$8,0)),"CALIBRAR (§21)"),IF(C14="Post-Bilbo",IF(ISNUMBER(INDEX('ESTADO ACTUAL'!$AF$6:$AF$8,MATCH(B14,'ESTADO ACTUAL'!$A$6:$A$8,0))),INDEX('ESTADO ACTUAL'!$AF$6:$AF$8,MATCH(B14,'ESTADO ACTUAL'!$A$6:$A$8,0)),"Bilbo × (1+"&ROUND(CONFIGURACIÓN!$C$23*100,1)&"%)"),IF(C14="Movilidad","—",IF(LEFT(INDEX(CONFIGURACIÓN!$D$42:$D$56,MATCH(B14,CONFIGURACIÓN!$B$42:$B$56,0)),4)="Peso","Peso corporal",IF(ISNUMBER(INDEX(PROGRESIONES!$P$6:$P$19,MATCH(B14,PROGRESIONES!$A$6:$A$19,0))),IF(INDEX(PROGRESIONES!$P$6:$P$19,MATCH(B14,PROGRESIONES!$A$6:$A$19,0))=0,"CALIBRAR",INDEX(PROGRESIONES!$P$6:$P$19,MATCH(B14,PROGRESIONES!$A$6:$A$19,0))),"CALIBRAR"))))),"—")) -> Bilbo × (1+15%) | G14: =IFERROR(INDEX('PLAN SEMANAL'!$G$5:$G$32,MATCH($C$8&"|"&2,'PLAN SEMANAL'!$A$5:$A$32,0))&"","") -> 3 | H14: =IF(B14="","",IF(C14="Bilbo","Máx. explosivas, sin fallo absoluto · esperadas ≈ "&IF(INDEX('ESTADO ACTUAL'!$R$6:$R$8,MATCH(B14,'ESTADO ACTUAL'!$A$6:$A$8,0))="","30–40 (calibración)",INDEX('ESTADO ACTUAL'!$R$6:$R$8,MATCH(B14,'ESTADO ACTUAL'!$A$6:$A$8,0))),IF(C14="Trabajo",IFERROR(INDEX(PROGRESIONES!$Q$6:$Q$19,MATCH(B14,PROGRESIONES!$A$6:$A$19,0)),INDEX('PLAN SEMANAL'!$H$5:$H$32,MATCH($C$8&"|"&2,'PLAN SEMANAL'!$A$5:$A$32,0))),INDEX('PLAN SEMANAL'!$H$5:$H$32,MATCH($C$8&"|"&2,'PLAN SEMANAL'!$A$5:$A$32,0))))) -> 8–12 | I14: =IFERROR(INDEX('PLAN SEMANAL'!$I$5:$I$32,MATCH($C$8&"|"&2,'PLAN SEMANAL'!$A$5:$A$32,0))&"","") -> 1 | J14: =IFERROR(INDEX('PLAN SEMANAL'!$J$5:$J$32,MATCH($C$8&"|"&2,'PLAN SEMANAL'!$A$5:$A$32,0))&"","") -> 2–4 min | K14: =IF(B14="","",IF(C14="Bilbo",INDEX('ESTADO ACTUAL'!$E$6:$E$8,MATCH(B14,'ESTADO ACTUAL'!$A$6:$A$8,0))&" · "&INDEX('ESTADO ACTUAL'!$S$6:$S$8,MATCH(B14,'ESTADO ACTUAL'!$A$6:$A$8,0)),IF(C14="Post-Bilbo","% post "&ROUND(INDEX('ESTADO ACTUAL'!$AE$6:$AE$8,MATCH(B14,'ESTADO ACTUAL'!$A$6:$A$8,0))*100,1)&"% sobre el peso Bilbo · 3×8–12 @RIR1",IFERROR(INDEX(PROGRESIONES!$N$6:$N$19,MATCH(B14,PROGRESIONES!$A$6:$A$19,0)),"")))) -> % post 15% sobre el peso Bilbo · 3×8–12 @RIR1 | L14: =IFERROR(INDEX('PLAN SEMANAL'!$L$5:$L$32,MATCH($C$8&"|"&2,'PLAN SEMANAL'!$A$5:$A$32,0))&"","") -> Peso = Bilbo × (1+%).
A15: =IFERROR(IF(INDEX('PLAN SEMANAL'!$C$5:$C$32,MATCH($C$8&"|"&3,'PLAN SEMANAL'!$A$5:$A$32,0))=0,"",INDEX('PLAN SEMANAL'!$C$5:$C$32,MATCH($C$8&"|"&3,'PLAN SEMANAL'!$A$5:$A$32,0))),"") -> 3 | B15: =IFERROR(INDEX('PLAN SEMANAL'!$E$5:$E$32,MATCH($C$8&"|"&3,'PLAN SEMANAL'!$A$5:$A$32,0))&"","") -> Press militar | C15: =IFERROR(INDEX('PLAN SEMANAL'!$F$5:$F$32,MATCH($C$8&"|"&3,'PLAN SEMANAL'!$A$5:$A$32,0))&"","") -> Bilbo | D15: =IF(B15="","",IF(IFERROR(INDEX('PLAN SEMANAL'!$K$5:$K$32,MATCH($C$8&"|"&3,'PLAN SEMANAL'!$A$5:$A$32,0)),"No")<>"Sí","—",IF(ISNUMBER(F15),MAX(IF(LEFT(INDEX(CONFIGURACIÓN!$D$42:$D$56,MATCH(B15,CONFIGURACIÓN!$B$42:$B$56,0)),5)="Barra",CONFIGURACIÓN!$C$10,0),INT((F15*CONFIGURACIÓN!$C$31)/(INDEX(CONFIGURACIÓN!$H$42:$H$56,MATCH(B15,CONFIGURACIÓN!$B$42:$B$56,0))))*(INDEX(CONFIGURACIÓN!$H$42:$H$56,MATCH(B15,CONFIGURACIÓN!$B$42:$B$56,0))))&" kg × "&CONFIGURACIÓN!$C$32,"Progresiva ×"&CONFIGURACIÓN!$C$32&" (calibración)"))) -> Progresiva ×8 (calibración) | E15: =IF(B15="","",IF(IFERROR(INDEX('PLAN SEMANAL'!$K$5:$K$32,MATCH($C$8&"|"&3,'PLAN SEMANAL'!$A$5:$A$32,0)),"No")<>"Sí","—",IF(ISNUMBER(F15),MAX(IF(LEFT(INDEX(CONFIGURACIÓN!$D$42:$D$56,MATCH(B15,CONFIGURACIÓN!$B$42:$B$56,0)),5)="Barra",CONFIGURACIÓN!$C$10,0),INT((F15*CONFIGURACIÓN!$C$33)/(INDEX(CONFIGURACIÓN!$H$42:$H$56,MATCH(B15,CONFIGURACIÓN!$B$42:$B$56,0))))*(INDEX(CONFIGURACIÓN!$H$42:$H$56,MATCH(B15,CONFIGURACIÓN!$B$42:$B$56,0))))&" kg × "&CONFIGURACIÓN!$C$34,"Progresiva ×"&CONFIGURACIÓN!$C$34&" (calibración)"))) -> Progresiva ×5 (calibración) | F15: =IF(B15="","",IFERROR(IF(C15="Bilbo",IF(ISNUMBER(INDEX('ESTADO ACTUAL'!$O$6:$O$8,MATCH(B15,'ESTADO ACTUAL'!$A$6:$A$8,0))),INDEX('ESTADO ACTUAL'!$O$6:$O$8,MATCH(B15,'ESTADO ACTUAL'!$A$6:$A$8,0)),"CALIBRAR (§21)"),IF(C15="Post-Bilbo",IF(ISNUMBER(INDEX('ESTADO ACTUAL'!$AF$6:$AF$8,MATCH(B15,'ESTADO ACTUAL'!$A$6:$A$8,0))),INDEX('ESTADO ACTUAL'!$AF$6:$AF$8,MATCH(B15,'ESTADO ACTUAL'!$A$6:$A$8,0)),"Bilbo × (1+"&ROUND(CONFIGURACIÓN!$C$23*100,1)&"%)"),IF(C15="Movilidad","—",IF(LEFT(INDEX(CONFIGURACIÓN!$D$42:$D$56,MATCH(B15,CONFIGURACIÓN!$B$42:$B$56,0)),4)="Peso","Peso corporal",IF(ISNUMBER(INDEX(PROGRESIONES!$P$6:$P$19,MATCH(B15,PROGRESIONES!$A$6:$A$19,0))),IF(INDEX(PROGRESIONES!$P$6:$P$19,MATCH(B15,PROGRESIONES!$A$6:$A$19,0))=0,"CALIBRAR",INDEX(PROGRESIONES!$P$6:$P$19,MATCH(B15,PROGRESIONES!$A$6:$A$19,0))),"CALIBRAR"))))),"—")) -> CALIBRAR (§21) | G15: =IFERROR(INDEX('PLAN SEMANAL'!$G$5:$G$32,MATCH($C$8&"|"&3,'PLAN SEMANAL'!$A$5:$A$32,0))&"","") -> 1 | H15: =IF(B15="","",IF(C15="Bilbo","Máx. explosivas, sin fallo absoluto · esperadas ≈ "&IF(INDEX('ESTADO ACTUAL'!$R$6:$R$8,MATCH(B15,'ESTADO ACTUAL'!$A$6:$A$8,0))="","30–40 (calibración)",INDEX('ESTADO ACTUAL'!$R$6:$R$8,MATCH(B15,'ESTADO ACTUAL'!$A$6:$A$8,0))),IF(C15="Trabajo",IFERROR(INDEX(PROGRESIONES!$Q$6:$Q$19,MATCH(B15,PROGRESIONES!$A$6:$A$19,0)),INDEX('PLAN SEMANAL'!$H$5:$H$32,MATCH($C$8&"|"&3,'PLAN SEMANAL'!$A$5:$A$32,0))),INDEX('PLAN SEMANAL'!$H$5:$H$32,MATCH($C$8&"|"&3,'PLAN SEMANAL'!$A$5:$A$32,0))))) -> Máx. explosivas, sin fallo absoluto · esperadas ≈ 30–40 (calibración) | I15: =IFERROR(INDEX('PLAN SEMANAL'!$I$5:$I$32,MATCH($C$8&"|"&3,'PLAN SEMANAL'!$A$5:$A$32,0))&"","") -> No se pide | J15: =IFERROR(INDEX('PLAN SEMANAL'!$J$5:$J$32,MATCH($C$8&"|"&3,'PLAN SEMANAL'!$A$5:$A$32,0))&"","") -> 3–5 min antes de las post | K15: =IF(B15="","",IF(C15="Bilbo",INDEX('ESTADO ACTUAL'!$E$6:$E$8,MATCH(B15,'ESTADO ACTUAL'!$A$6:$A$8,0))&" · "&INDEX('ESTADO ACTUAL'!$S$6:$S$8,MATCH(B15,'ESTADO ACTUAL'!$A$6:$A$8,0)),IF(C15="Post-Bilbo","% post "&ROUND(INDEX('ESTADO ACTUAL'!$AE$6:$AE$8,MATCH(B15,'ESTADO ACTUAL'!$A$6:$A$8,0))*100,1)&"% sobre el peso Bilbo · 3×8–12 @RIR1",IFERROR(INDEX(PROGRESIONES!$N$6:$N$19,MATCH(B15,PROGRESIONES!$A$6:$A$19,0)),"")))) -> Ciclo 1 · sesión 1 · SIN DATOS · sesión de calibración | L15: =IFERROR(INDEX('PLAN SEMANAL'!$L$5:$L$32,MATCH($C$8&"|"&3,'PLAN SEMANAL'!$A$5:$A$32,0))&"","")
A16: =IFERROR(IF(INDEX('PLAN SEMANAL'!$C$5:$C$32,MATCH($C$8&"|"&4,'PLAN SEMANAL'!$A$5:$A$32,0))=0,"",INDEX('PLAN SEMANAL'!$C$5:$C$32,MATCH($C$8&"|"&4,'PLAN SEMANAL'!$A$5:$A$32,0))),"") -> 4 | B16: =IFERROR(INDEX('PLAN SEMANAL'!$E$5:$E$32,MATCH($C$8&"|"&4,'PLAN SEMANAL'!$A$5:$A$32,0))&"","") -> Press militar | C16: =IFERROR(INDEX('PLAN SEMANAL'!$F$5:$F$32,MATCH($C$8&"|"&4,'PLAN SEMANAL'!$A$5:$A$32,0))&"","") -> Post-Bilbo | D16: =IF(B16="","",IF(IFERROR(INDEX('PLAN SEMANAL'!$K$5:$K$32,MATCH($C$8&"|"&4,'PLAN SEMANAL'!$A$5:$A$32,0)),"No")<>"Sí","—",IF(ISNUMBER(F16),MAX(IF(LEFT(INDEX(CONFIGURACIÓN!$D$42:$D$56,MATCH(B16,CONFIGURACIÓN!$B$42:$B$56,0)),5)="Barra",CONFIGURACIÓN!$C$10,0),INT((F16*CONFIGURACIÓN!$C$31)/(INDEX(CONFIGURACIÓN!$H$42:$H$56,MATCH(B16,CONFIGURACIÓN!$B$42:$B$56,0))))*(INDEX(CONFIGURACIÓN!$H$42:$H$56,MATCH(B16,CONFIGURACIÓN!$B$42:$B$56,0))))&" kg × "&CONFIGURACIÓN!$C$32,"Progresiva ×"&CONFIGURACIÓN!$C$32&" (calibración)"))) -> — | E16: =IF(B16="","",IF(IFERROR(INDEX('PLAN SEMANAL'!$K$5:$K$32,MATCH($C$8&"|"&4,'PLAN SEMANAL'!$A$5:$A$32,0)),"No")<>"Sí","—",IF(ISNUMBER(F16),MAX(IF(LEFT(INDEX(CONFIGURACIÓN!$D$42:$D$56,MATCH(B16,CONFIGURACIÓN!$B$42:$B$56,0)),5)="Barra",CONFIGURACIÓN!$C$10,0),INT((F16*CONFIGURACIÓN!$C$33)/(INDEX(CONFIGURACIÓN!$H$42:$H$56,MATCH(B16,CONFIGURACIÓN!$B$42:$B$56,0))))*(INDEX(CONFIGURACIÓN!$H$42:$H$56,MATCH(B16,CONFIGURACIÓN!$B$42:$B$56,0))))&" kg × "&CONFIGURACIÓN!$C$34,"Progresiva ×"&CONFIGURACIÓN!$C$34&" (calibración)"))) -> — | F16: =IF(B16="","",IFERROR(IF(C16="Bilbo",IF(ISNUMBER(INDEX('ESTADO ACTUAL'!$O$6:$O$8,MATCH(B16,'ESTADO ACTUAL'!$A$6:$A$8,0))),INDEX('ESTADO ACTUAL'!$O$6:$O$8,MATCH(B16,'ESTADO ACTUAL'!$A$6:$A$8,0)),"CALIBRAR (§21)"),IF(C16="Post-Bilbo",IF(ISNUMBER(INDEX('ESTADO ACTUAL'!$AF$6:$AF$8,MATCH(B16,'ESTADO ACTUAL'!$A$6:$A$8,0))),INDEX('ESTADO ACTUAL'!$AF$6:$AF$8,MATCH(B16,'ESTADO ACTUAL'!$A$6:$A$8,0)),"Bilbo × (1+"&ROUND(CONFIGURACIÓN!$C$23*100,1)&"%)"),IF(C16="Movilidad","—",IF(LEFT(INDEX(CONFIGURACIÓN!$D$42:$D$56,MATCH(B16,CONFIGURACIÓN!$B$42:$B$56,0)),4)="Peso","Peso corporal",IF(ISNUMBER(INDEX(PROGRESIONES!$P$6:$P$19,MATCH(B16,PROGRESIONES!$A$6:$A$19,0))),IF(INDEX(PROGRESIONES!$P$6:$P$19,MATCH(B16,PROGRESIONES!$A$6:$A$19,0))=0,"CALIBRAR",INDEX(PROGRESIONES!$P$6:$P$19,MATCH(B16,PROGRESIONES!$A$6:$A$19,0))),"CALIBRAR"))))),"—")) -> Bilbo × (1+15%) | G16: =IFERROR(INDEX('PLAN SEMANAL'!$G$5:$G$32,MATCH($C$8&"|"&4,'PLAN SEMANAL'!$A$5:$A$32,0))&"","") -> 3 | H16: =IF(B16="","",IF(C16="Bilbo","Máx. explosivas, sin fallo absoluto · esperadas ≈ "&IF(INDEX('ESTADO ACTUAL'!$R$6:$R$8,MATCH(B16,'ESTADO ACTUAL'!$A$6:$A$8,0))="","30–40 (calibración)",INDEX('ESTADO ACTUAL'!$R$6:$R$8,MATCH(B16,'ESTADO ACTUAL'!$A$6:$A$8,0))),IF(C16="Trabajo",IFERROR(INDEX(PROGRESIONES!$Q$6:$Q$19,MATCH(B16,PROGRESIONES!$A$6:$A$19,0)),INDEX('PLAN SEMANAL'!$H$5:$H$32,MATCH($C$8&"|"&4,'PLAN SEMANAL'!$A$5:$A$32,0))),INDEX('PLAN SEMANAL'!$H$5:$H$32,MATCH($C$8&"|"&4,'PLAN SEMANAL'!$A$5:$A$32,0))))) -> 8–12 | I16: =IFERROR(INDEX('PLAN SEMANAL'!$I$5:$I$32,MATCH($C$8&"|"&4,'PLAN SEMANAL'!$A$5:$A$32,0))&"","") -> 1 | J16: =IFERROR(INDEX('PLAN SEMANAL'!$J$5:$J$32,MATCH($C$8&"|"&4,'PLAN SEMANAL'!$A$5:$A$32,0))&"","") -> 2–4 min | K16: =IF(B16="","",IF(C16="Bilbo",INDEX('ESTADO ACTUAL'!$E$6:$E$8,MATCH(B16,'ESTADO ACTUAL'!$A$6:$A$8,0))&" · "&INDEX('ESTADO ACTUAL'!$S$6:$S$8,MATCH(B16,'ESTADO ACTUAL'!$A$6:$A$8,0)),IF(C16="Post-Bilbo","% post "&ROUND(INDEX('ESTADO ACTUAL'!$AE$6:$AE$8,MATCH(B16,'ESTADO ACTUAL'!$A$6:$A$8,0))*100,1)&"% sobre el peso Bilbo · 3×8–12 @RIR1",IFERROR(INDEX(PROGRESIONES!$N$6:$N$19,MATCH(B16,PROGRESIONES!$A$6:$A$19,0)),"")))) -> % post 15% sobre el peso Bilbo · 3×8–12 @RIR1 | L16: =IFERROR(INDEX('PLAN SEMANAL'!$L$5:$L$32,MATCH($C$8&"|"&4,'PLAN SEMANAL'!$A$5:$A$32,0))&"","")
A17: =IFERROR(IF(INDEX('PLAN SEMANAL'!$C$5:$C$32,MATCH($C$8&"|"&5,'PLAN SEMANAL'!$A$5:$A$32,0))=0,"",INDEX('PLAN SEMANAL'!$C$5:$C$32,MATCH($C$8&"|"&5,'PLAN SEMANAL'!$A$5:$A$32,0))),"") -> 5 | B17: =IFERROR(INDEX('PLAN SEMANAL'!$E$5:$E$32,MATCH($C$8&"|"&5,'PLAN SEMANAL'!$A$5:$A$32,0))&"","") -> Press inclinado con mancuernas | C17: =IFERROR(INDEX('PLAN SEMANAL'!$F$5:$F$32,MATCH($C$8&"|"&5,'PLAN SEMANAL'!$A$5:$A$32,0))&"","") -> Trabajo | D17: =IF(B17="","",IF(IFERROR(INDEX('PLAN SEMANAL'!$K$5:$K$32,MATCH($C$8&"|"&5,'PLAN SEMANAL'!$A$5:$A$32,0)),"No")<>"Sí","—",IF(ISNUMBER(F17),MAX(IF(LEFT(INDEX(CONFIGURACIÓN!$D$42:$D$56,MATCH(B17,CONFIGURACIÓN!$B$42:$B$56,0)),5)="Barra",CONFIGURACIÓN!$C$10,0),INT((F17*CONFIGURACIÓN!$C$31)/(INDEX(CONFIGURACIÓN!$H$42:$H$56,MATCH(B17,CONFIGURACIÓN!$B$42:$B$56,0))))*(INDEX(CONFIGURACIÓN!$H$42:$H$56,MATCH(B17,CONFIGURACIÓN!$B$42:$B$56,0))))&" kg × "&CONFIGURACIÓN!$C$32,"Progresiva ×"&CONFIGURACIÓN!$C$32&" (calibración)"))) -> — | E17: =IF(B17="","",IF(IFERROR(INDEX('PLAN SEMANAL'!$K$5:$K$32,MATCH($C$8&"|"&5,'PLAN SEMANAL'!$A$5:$A$32,0)),"No")<>"Sí","—",IF(ISNUMBER(F17),MAX(IF(LEFT(INDEX(CONFIGURACIÓN!$D$42:$D$56,MATCH(B17,CONFIGURACIÓN!$B$42:$B$56,0)),5)="Barra",CONFIGURACIÓN!$C$10,0),INT((F17*CONFIGURACIÓN!$C$33)/(INDEX(CONFIGURACIÓN!$H$42:$H$56,MATCH(B17,CONFIGURACIÓN!$B$42:$B$56,0))))*(INDEX(CONFIGURACIÓN!$H$42:$H$56,MATCH(B17,CONFIGURACIÓN!$B$42:$B$56,0))))&" kg × "&CONFIGURACIÓN!$C$34,"Progresiva ×"&CONFIGURACIÓN!$C$34&" (calibración)"))) -> — | F17: =IF(B17="","",IFERROR(IF(C17="Bilbo",IF(ISNUMBER(INDEX('ESTADO ACTUAL'!$O$6:$O$8,MATCH(B17,'ESTADO ACTUAL'!$A$6:$A$8,0))),INDEX('ESTADO ACTUAL'!$O$6:$O$8,MATCH(B17,'ESTADO ACTUAL'!$A$6:$A$8,0)),"CALIBRAR (§21)"),IF(C17="Post-Bilbo",IF(ISNUMBER(INDEX('ESTADO ACTUAL'!$AF$6:$AF$8,MATCH(B17,'ESTADO ACTUAL'!$A$6:$A$8,0))),INDEX('ESTADO ACTUAL'!$AF$6:$AF$8,MATCH(B17,'ESTADO ACTUAL'!$A$6:$A$8,0)),"Bilbo × (1+"&ROUND(CONFIGURACIÓN!$C$23*100,1)&"%)"),IF(C17="Movilidad","—",IF(LEFT(INDEX(CONFIGURACIÓN!$D$42:$D$56,MATCH(B17,CONFIGURACIÓN!$B$42:$B$56,0)),4)="Peso","Peso corporal",IF(ISNUMBER(INDEX(PROGRESIONES!$P$6:$P$19,MATCH(B17,PROGRESIONES!$A$6:$A$19,0))),IF(INDEX(PROGRESIONES!$P$6:$P$19,MATCH(B17,PROGRESIONES!$A$6:$A$19,0))=0,"CALIBRAR",INDEX(PROGRESIONES!$P$6:$P$19,MATCH(B17,PROGRESIONES!$A$6:$A$19,0))),"CALIBRAR"))))),"—")) -> CALIBRAR | G17: =IFERROR(INDEX('PLAN SEMANAL'!$G$5:$G$32,MATCH($C$8&"|"&5,'PLAN SEMANAL'!$A$5:$A$32,0))&"","") -> 3 | H17: =IF(B17="","",IF(C17="Bilbo","Máx. explosivas, sin fallo absoluto · esperadas ≈ "&IF(INDEX('ESTADO ACTUAL'!$R$6:$R$8,MATCH(B17,'ESTADO ACTUAL'!$A$6:$A$8,0))="","30–40 (calibración)",INDEX('ESTADO ACTUAL'!$R$6:$R$8,MATCH(B17,'ESTADO ACTUAL'!$A$6:$A$8,0))),IF(C17="Trabajo",IFERROR(INDEX(PROGRESIONES!$Q$6:$Q$19,MATCH(B17,PROGRESIONES!$A$6:$A$19,0)),INDEX('PLAN SEMANAL'!$H$5:$H$32,MATCH($C$8&"|"&5,'PLAN SEMANAL'!$A$5:$A$32,0))),INDEX('PLAN SEMANAL'!$H$5:$H$32,MATCH($C$8&"|"&5,'PLAN SEMANAL'!$A$5:$A$32,0))))) -> Calibrar: carga que permita 6–8 reps @RIR 1–2 en la 1ª serie | I17: =IFERROR(INDEX('PLAN SEMANAL'!$I$5:$I$32,MATCH($C$8&"|"&5,'PLAN SEMANAL'!$A$5:$A$32,0))&"","") -> 1 | J17: =IFERROR(INDEX('PLAN SEMANAL'!$J$5:$J$32,MATCH($C$8&"|"&5,'PLAN SEMANAL'!$A$5:$A$32,0))&"","") -> 2–3 min | K17: =IF(B17="","",IF(C17="Bilbo",INDEX('ESTADO ACTUAL'!$E$6:$E$8,MATCH(B17,'ESTADO ACTUAL'!$A$6:$A$8,0))&" · "&INDEX('ESTADO ACTUAL'!$S$6:$S$8,MATCH(B17,'ESTADO ACTUAL'!$A$6:$A$8,0)),IF(C17="Post-Bilbo","% post "&ROUND(INDEX('ESTADO ACTUAL'!$AE$6:$AE$8,MATCH(B17,'ESTADO ACTUAL'!$A$6:$A$8,0))*100,1)&"% sobre el peso Bilbo · 3×8–12 @RIR1",IFERROR(INDEX(PROGRESIONES!$N$6:$N$19,MATCH(B17,PROGRESIONES!$A$6:$A$19,0)),"")))) -> CALIBRAR | L17: =IFERROR(INDEX('PLAN SEMANAL'!$L$5:$L$32,MATCH($C$8&"|"&5,'PLAN SEMANAL'!$A$5:$A$32,0))&"","") -> Doble progresión.
A18: =IFERROR(IF(INDEX('PLAN SEMANAL'!$C$5:$C$32,MATCH($C$8&"|"&6,'PLAN SEMANAL'!$A$5:$A$32,0))=0,"",INDEX('PLAN SEMANAL'!$C$5:$C$32,MATCH($C$8&"|"&6,'PLAN SEMANAL'!$A$5:$A$32,0))),"") -> 6 | B18: =IFERROR(INDEX('PLAN SEMANAL'!$E$5:$E$32,MATCH($C$8&"|"&6,'PLAN SEMANAL'!$A$5:$A$32,0))&"","") -> Tríceps en polea alta | C18: =IFERROR(INDEX('PLAN SEMANAL'!$F$5:$F$32,MATCH($C$8&"|"&6,'PLAN SEMANAL'!$A$5:$A$32,0))&"","") -> Trabajo | D18: =IF(B18="","",IF(IFERROR(INDEX('PLAN SEMANAL'!$K$5:$K$32,MATCH($C$8&"|"&6,'PLAN SEMANAL'!$A$5:$A$32,0)),"No")<>"Sí","—",IF(ISNUMBER(F18),MAX(IF(LEFT(INDEX(CONFIGURACIÓN!$D$42:$D$56,MATCH(B18,CONFIGURACIÓN!$B$42:$B$56,0)),5)="Barra",CONFIGURACIÓN!$C$10,0),INT((F18*CONFIGURACIÓN!$C$31)/(INDEX(CONFIGURACIÓN!$H$42:$H$56,MATCH(B18,CONFIGURACIÓN!$B$42:$B$56,0))))*(INDEX(CONFIGURACIÓN!$H$42:$H$56,MATCH(B18,CONFIGURACIÓN!$B$42:$B$56,0))))&" kg × "&CONFIGURACIÓN!$C$32,"Progresiva ×"&CONFIGURACIÓN!$C$32&" (calibración)"))) -> — | E18: =IF(B18="","",IF(IFERROR(INDEX('PLAN SEMANAL'!$K$5:$K$32,MATCH($C$8&"|"&6,'PLAN SEMANAL'!$A$5:$A$32,0)),"No")<>"Sí","—",IF(ISNUMBER(F18),MAX(IF(LEFT(INDEX(CONFIGURACIÓN!$D$42:$D$56,MATCH(B18,CONFIGURACIÓN!$B$42:$B$56,0)),5)="Barra",CONFIGURACIÓN!$C$10,0),INT((F18*CONFIGURACIÓN!$C$33)/(INDEX(CONFIGURACIÓN!$H$42:$H$56,MATCH(B18,CONFIGURACIÓN!$B$42:$B$56,0))))*(INDEX(CONFIGURACIÓN!$H$42:$H$56,MATCH(B18,CONFIGURACIÓN!$B$42:$B$56,0))))&" kg × "&CONFIGURACIÓN!$C$34,"Progresiva ×"&CONFIGURACIÓN!$C$34&" (calibración)"))) -> — | F18: =IF(B18="","",IFERROR(IF(C18="Bilbo",IF(ISNUMBER(INDEX('ESTADO ACTUAL'!$O$6:$O$8,MATCH(B18,'ESTADO ACTUAL'!$A$6:$A$8,0))),INDEX('ESTADO ACTUAL'!$O$6:$O$8,MATCH(B18,'ESTADO ACTUAL'!$A$6:$A$8,0)),"CALIBRAR (§21)"),IF(C18="Post-Bilbo",IF(ISNUMBER(INDEX('ESTADO ACTUAL'!$AF$6:$AF$8,MATCH(B18,'ESTADO ACTUAL'!$A$6:$A$8,0))),INDEX('ESTADO ACTUAL'!$AF$6:$AF$8,MATCH(B18,'ESTADO ACTUAL'!$A$6:$A$8,0)),"Bilbo × (1+"&ROUND(CONFIGURACIÓN!$C$23*100,1)&"%)"),IF(C18="Movilidad","—",IF(LEFT(INDEX(CONFIGURACIÓN!$D$42:$D$56,MATCH(B18,CONFIGURACIÓN!$B$42:$B$56,0)),4)="Peso","Peso corporal",IF(ISNUMBER(INDEX(PROGRESIONES!$P$6:$P$19,MATCH(B18,PROGRESIONES!$A$6:$A$19,0))),IF(INDEX(PROGRESIONES!$P$6:$P$19,MATCH(B18,PROGRESIONES!$A$6:$A$19,0))=0,"CALIBRAR",INDEX(PROGRESIONES!$P$6:$P$19,MATCH(B18,PROGRESIONES!$A$6:$A$19,0))),"CALIBRAR"))))),"—")) -> CALIBRAR | G18: =IFERROR(INDEX('PLAN SEMANAL'!$G$5:$G$32,MATCH($C$8&"|"&6,'PLAN SEMANAL'!$A$5:$A$32,0))&"","") -> 3 | H18: =IF(B18="","",IF(C18="Bilbo","Máx. explosivas, sin fallo absoluto · esperadas ≈ "&IF(INDEX('ESTADO ACTUAL'!$R$6:$R$8,MATCH(B18,'ESTADO ACTUAL'!$A$6:$A$8,0))="","30–40 (calibración)",INDEX('ESTADO ACTUAL'!$R$6:$R$8,MATCH(B18,'ESTADO ACTUAL'!$A$6:$A$8,0))),IF(C18="Trabajo",IFERROR(INDEX(PROGRESIONES!$Q$6:$Q$19,MATCH(B18,PROGRESIONES!$A$6:$A$19,0)),INDEX('PLAN SEMANAL'!$H$5:$H$32,MATCH($C$8&"|"&6,'PLAN SEMANAL'!$A$5:$A$32,0))),INDEX('PLAN SEMANAL'!$H$5:$H$32,MATCH($C$8&"|"&6,'PLAN SEMANAL'!$A$5:$A$32,0))))) -> Calibrar: carga que permita 3–5 reps @RIR 1–2 en la 1ª serie | I18: =IFERROR(INDEX('PLAN SEMANAL'!$I$5:$I$32,MATCH($C$8&"|"&6,'PLAN SEMANAL'!$A$5:$A$32,0))&"","") -> 1 | J18: =IFERROR(INDEX('PLAN SEMANAL'!$J$5:$J$32,MATCH($C$8&"|"&6,'PLAN SEMANAL'!$A$5:$A$32,0))&"","") -> 2–3 min | K18: =IF(B18="","",IF(C18="Bilbo",INDEX('ESTADO ACTUAL'!$E$6:$E$8,MATCH(B18,'ESTADO ACTUAL'!$A$6:$A$8,0))&" · "&INDEX('ESTADO ACTUAL'!$S$6:$S$8,MATCH(B18,'ESTADO ACTUAL'!$A$6:$A$8,0)),IF(C18="Post-Bilbo","% post "&ROUND(INDEX('ESTADO ACTUAL'!$AE$6:$AE$8,MATCH(B18,'ESTADO ACTUAL'!$A$6:$A$8,0))*100,1)&"% sobre el peso Bilbo · 3×8–12 @RIR1",IFERROR(INDEX(PROGRESIONES!$N$6:$N$19,MATCH(B18,PROGRESIONES!$A$6:$A$19,0)),"")))) -> CALIBRAR | L18: =IFERROR(INDEX('PLAN SEMANAL'!$L$5:$L$32,MATCH($C$8&"|"&6,'PLAN SEMANAL'!$A$5:$A$32,0))&"","") -> Doble progresión.
A19: =IFERROR(IF(INDEX('PLAN SEMANAL'!$C$5:$C$32,MATCH($C$8&"|"&7,'PLAN SEMANAL'!$A$5:$A$32,0))=0,"",INDEX('PLAN SEMANAL'!$C$5:$C$32,MATCH($C$8&"|"&7,'PLAN SEMANAL'!$A$5:$A$32,0))),"") -> 7 | B19: =IFERROR(INDEX('PLAN SEMANAL'!$E$5:$E$32,MATCH($C$8&"|"&7,'PLAN SEMANAL'!$A$5:$A$32,0))&"","") -> Elevaciones laterales | C19: =IFERROR(INDEX('PLAN SEMANAL'!$F$5:$F$32,MATCH($C$8&"|"&7,'PLAN SEMANAL'!$A$5:$A$32,0))&"","") -> Trabajo | D19: =IF(B19="","",IF(IFERROR(INDEX('PLAN SEMANAL'!$K$5:$K$32,MATCH($C$8&"|"&7,'PLAN SEMANAL'!$A$5:$A$32,0)),"No")<>"Sí","—",IF(ISNUMBER(F19),MAX(IF(LEFT(INDEX(CONFIGURACIÓN!$D$42:$D$56,MATCH(B19,CONFIGURACIÓN!$B$42:$B$56,0)),5)="Barra",CONFIGURACIÓN!$C$10,0),INT((F19*CONFIGURACIÓN!$C$31)/(INDEX(CONFIGURACIÓN!$H$42:$H$56,MATCH(B19,CONFIGURACIÓN!$B$42:$B$56,0))))*(INDEX(CONFIGURACIÓN!$H$42:$H$56,MATCH(B19,CONFIGURACIÓN!$B$42:$B$56,0))))&" kg × "&CONFIGURACIÓN!$C$32,"Progresiva ×"&CONFIGURACIÓN!$C$32&" (calibración)"))) -> — | E19: =IF(B19="","",IF(IFERROR(INDEX('PLAN SEMANAL'!$K$5:$K$32,MATCH($C$8&"|"&7,'PLAN SEMANAL'!$A$5:$A$32,0)),"No")<>"Sí","—",IF(ISNUMBER(F19),MAX(IF(LEFT(INDEX(CONFIGURACIÓN!$D$42:$D$56,MATCH(B19,CONFIGURACIÓN!$B$42:$B$56,0)),5)="Barra",CONFIGURACIÓN!$C$10,0),INT((F19*CONFIGURACIÓN!$C$33)/(INDEX(CONFIGURACIÓN!$H$42:$H$56,MATCH(B19,CONFIGURACIÓN!$B$42:$B$56,0))))*(INDEX(CONFIGURACIÓN!$H$42:$H$56,MATCH(B19,CONFIGURACIÓN!$B$42:$B$56,0))))&" kg × "&CONFIGURACIÓN!$C$34,"Progresiva ×"&CONFIGURACIÓN!$C$34&" (calibración)"))) -> — | F19: =IF(B19="","",IFERROR(IF(C19="Bilbo",IF(ISNUMBER(INDEX('ESTADO ACTUAL'!$O$6:$O$8,MATCH(B19,'ESTADO ACTUAL'!$A$6:$A$8,0))),INDEX('ESTADO ACTUAL'!$O$6:$O$8,MATCH(B19,'ESTADO ACTUAL'!$A$6:$A$8,0)),"CALIBRAR (§21)"),IF(C19="Post-Bilbo",IF(ISNUMBER(INDEX('ESTADO ACTUAL'!$AF$6:$AF$8,MATCH(B19,'ESTADO ACTUAL'!$A$6:$A$8,0))),INDEX('ESTADO ACTUAL'!$AF$6:$AF$8,MATCH(B19,'ESTADO ACTUAL'!$A$6:$A$8,0)),"Bilbo × (1+"&ROUND(CONFIGURACIÓN!$C$23*100,1)&"%)"),IF(C19="Movilidad","—",IF(LEFT(INDEX(CONFIGURACIÓN!$D$42:$D$56,MATCH(B19,CONFIGURACIÓN!$B$42:$B$56,0)),4)="Peso","Peso corporal",IF(ISNUMBER(INDEX(PROGRESIONES!$P$6:$P$19,MATCH(B19,PROGRESIONES!$A$6:$A$19,0))),IF(INDEX(PROGRESIONES!$P$6:$P$19,MATCH(B19,PROGRESIONES!$A$6:$A$19,0))=0,"CALIBRAR",INDEX(PROGRESIONES!$P$6:$P$19,MATCH(B19,PROGRESIONES!$A$6:$A$19,0))),"CALIBRAR"))))),"—")) -> CALIBRAR | G19: =IFERROR(INDEX('PLAN SEMANAL'!$G$5:$G$32,MATCH($C$8&"|"&7,'PLAN SEMANAL'!$A$5:$A$32,0))&"","") -> 3 | H19: =IF(B19="","",IF(C19="Bilbo","Máx. explosivas, sin fallo absoluto · esperadas ≈ "&IF(INDEX('ESTADO ACTUAL'!$R$6:$R$8,MATCH(B19,'ESTADO ACTUAL'!$A$6:$A$8,0))="","30–40 (calibración)",INDEX('ESTADO ACTUAL'!$R$6:$R$8,MATCH(B19,'ESTADO ACTUAL'!$A$6:$A$8,0))),IF(C19="Trabajo",IFERROR(INDEX(PROGRESIONES!$Q$6:$Q$19,MATCH(B19,PROGRESIONES!$A$6:$A$19,0)),INDEX('PLAN SEMANAL'!$H$5:$H$32,MATCH($C$8&"|"&7,'PLAN SEMANAL'!$A$5:$A$32,0))),INDEX('PLAN SEMANAL'!$H$5:$H$32,MATCH($C$8&"|"&7,'PLAN SEMANAL'!$A$5:$A$32,0))))) -> Calibrar: carga que permita 10–12 reps @RIR 1–2 en la 1ª serie | I19: =IFERROR(INDEX('PLAN SEMANAL'!$I$5:$I$32,MATCH($C$8&"|"&7,'PLAN SEMANAL'!$A$5:$A$32,0))&"","") -> 1 | J19: =IFERROR(INDEX('PLAN SEMANAL'!$J$5:$J$32,MATCH($C$8&"|"&7,'PLAN SEMANAL'!$A$5:$A$32,0))&"","") -> 1,5–2 min | K19: =IF(B19="","",IF(C19="Bilbo",INDEX('ESTADO ACTUAL'!$E$6:$E$8,MATCH(B19,'ESTADO ACTUAL'!$A$6:$A$8,0))&" · "&INDEX('ESTADO ACTUAL'!$S$6:$S$8,MATCH(B19,'ESTADO ACTUAL'!$A$6:$A$8,0)),IF(C19="Post-Bilbo","% post "&ROUND(INDEX('ESTADO ACTUAL'!$AE$6:$AE$8,MATCH(B19,'ESTADO ACTUAL'!$A$6:$A$8,0))*100,1)&"% sobre el peso Bilbo · 3×8–12 @RIR1",IFERROR(INDEX(PROGRESIONES!$N$6:$N$19,MATCH(B19,PROGRESIONES!$A$6:$A$19,0)),"")))) -> CALIBRAR | L19: =IFERROR(INDEX('PLAN SEMANAL'!$L$5:$L$32,MATCH($C$8&"|"&7,'PLAN SEMANAL'!$A$5:$A$32,0))&"","") -> Doble progresión.
A21: Notas de la sesión:
A22: • Aprox. 1 y 2 = las 2 únicas series de aproximación (solo ejercicios principales). Poca fatiga. Luego directamente la serie de trabajo.
A23: • Bilbo: una serie, intención de mover la barra lo más rápido posible en cada rep, sin fallo absoluto. Reportar peso × reps (sin RIR).
A24: • Post-Bilbo: 3 series al peso indicado, 8–12 reps dejando 1 en reserva. Reportar reps y RIR de cada serie.
A25: • CALIBRAR = aún no hay datos: seguir el protocolo de INSTRUCCIONES PARA IA §21 y reportar lo realizado.
A26: • Potencia: calificar la velocidad de cada serie A (rápida) / B (algo más lenta) / C (claramente lenta). Si aparece C: parar o bajar carga.

Sheet RESUMEN
A1: RESUMEN — vista rápida (no sustituye al HISTORIAL)
A2: Todo es fórmula.
A4: 1. EJERCICIOS BILBO
A5: Ejercicio | B5: Ciclo | C5: Posición | D5: Último Bilbo | E5: Próximo peso | F5: Reps esperadas | G5: % post | H5: Peso post | I5: Estado del ciclo | J5: Mayor carga Bilbo | K5: Reps con ella | L5: Máx. reps Bilbo | M5: Mejor índice
A6: Press banca | B6: ='ESTADO ACTUAL'!$C$6 -> 1 | C6: ='ESTADO ACTUAL'!$E$6 -> Ciclo 1 · sesión 1 | D6: =IF('ESTADO ACTUAL'!$I$6="","—",'ESTADO ACTUAL'!$I$6&" × "&'ESTADO ACTUAL'!$J$6) -> — | E6: =IF('ESTADO ACTUAL'!$O$6="","CALIBRAR",'ESTADO ACTUAL'!$O$6) -> CALIBRAR | F6: ='ESTADO ACTUAL'!$R$6 | G6: ='ESTADO ACTUAL'!$AE$6 -> 0.15 | H6: ='ESTADO ACTUAL'!$AF$6 | I6: ='ESTADO ACTUAL'!$S$6 -> SIN DATOS · sesión de calibración | J6: ='MEJORES MARCAS'!B5 | K6: ='MEJORES MARCAS'!C5 | L6: ='MEJORES MARCAS'!E5 | M6: ='MEJORES MARCAS'!G5
A7: Press militar | B7: ='ESTADO ACTUAL'!$C$7 -> 1 | C7: ='ESTADO ACTUAL'!$E$7 -> Ciclo 1 · sesión 1 | D7: =IF('ESTADO ACTUAL'!$I$7="","—",'ESTADO ACTUAL'!$I$7&" × "&'ESTADO ACTUAL'!$J$7) -> — | E7: =IF('ESTADO ACTUAL'!$O$7="","CALIBRAR",'ESTADO ACTUAL'!$O$7) -> CALIBRAR | F7: ='ESTADO ACTUAL'!$R$7 | G7: ='ESTADO ACTUAL'!$AE$7 -> 0.15 | H7: ='ESTADO ACTUAL'!$AF$7 | I7: ='ESTADO ACTUAL'!$S$7 -> SIN DATOS · sesión de calibración | J7: ='MEJORES MARCAS'!B6 | K7: ='MEJORES MARCAS'!C6 | L7: ='MEJORES MARCAS'!E6 | M7: ='MEJORES MARCAS'!G6
A8: Remo bajo en polea | B8: ='ESTADO ACTUAL'!$C$8 -> 1 | C8: ='ESTADO ACTUAL'!$E$8 -> Ciclo 1 · sesión 1 | D8: =IF('ESTADO ACTUAL'!$I$8="","—",'ESTADO ACTUAL'!$I$8&" × "&'ESTADO ACTUAL'!$J$8) -> — | E8: =IF('ESTADO ACTUAL'!$O$8="","CALIBRAR",'ESTADO ACTUAL'!$O$8) -> CALIBRAR | F8: ='ESTADO ACTUAL'!$R$8 | G8: ='ESTADO ACTUAL'!$AE$8 -> 0.15 | H8: ='ESTADO ACTUAL'!$AF$8 | I8: ='ESTADO ACTUAL'!$S$8 -> SIN DATOS · sesión de calibración | J8: ='MEJORES MARCAS'!B7 | K8: ='MEJORES MARCAS'!C7 | L8: ='MEJORES MARCAS'!E7 | M8: ='MEJORES MARCAS'!G7
A10: 2. EVOLUCIÓN POR CICLO (peso inicial × reps → peso final × reps)
A11: Ciclo | B11: Press banca | C11: Press militar | D11: Remo bajo en polea
A12: 1 | B12: =IF(COUNTIFS('CICLOS BILBO'!$A$6:$A$105,"Press banca",'CICLOS BILBO'!$B$6:$B$105,1)=0,"",IF(SUMIFS('CICLOS BILBO'!$J$6:$J$105,'CICLOS BILBO'!$A$6:$A$105,"Press banca",'CICLOS BILBO'!$B$6:$B$105,1)=0,"abierto, sin sesiones",SUMIFS('CICLOS BILBO'!$E$6:$E$105,'CICLOS BILBO'!$A$6:$A$105,"Press banca",'CICLOS BILBO'!$B$6:$B$105,1)&"×"&SUMIFS('CICLOS BILBO'!$F$6:$F$105,'CICLOS BILBO'!$A$6:$A$105,"Press banca",'CICLOS BILBO'!$B$6:$B$105,1)&" → "&SUMIFS('CICLOS BILBO'!$H$6:$H$105,'CICLOS BILBO'!$A$6:$A$105,"Press banca",'CICLOS BILBO'!$B$6:$B$105,1)&"×"&SUMIFS('CICLOS BILBO'!$I$6:$I$105,'CICLOS BILBO'!$A$6:$A$105,"Press banca",'CICLOS BILBO'!$B$6:$B$105,1)&" ("&SUMIFS('CICLOS BILBO'!$J$6:$J$105,'CICLOS BILBO'!$A$6:$A$105,"Press banca",'CICLOS BILBO'!$B$6:$B$105,1)&" ses.)")) -> abierto, sin sesiones | C12: =IF(COUNTIFS('CICLOS BILBO'!$A$6:$A$105,"Press militar",'CICLOS BILBO'!$B$6:$B$105,1)=0,"",IF(SUMIFS('CICLOS BILBO'!$J$6:$J$105,'CICLOS BILBO'!$A$6:$A$105,"Press militar",'CICLOS BILBO'!$B$6:$B$105,1)=0,"abierto, sin sesiones",SUMIFS('CICLOS BILBO'!$E$6:$E$105,'CICLOS BILBO'!$A$6:$A$105,"Press militar",'CICLOS BILBO'!$B$6:$B$105,1)&"×"&SUMIFS('CICLOS BILBO'!$F$6:$F$105,'CICLOS BILBO'!$A$6:$A$105,"Press militar",'CICLOS BILBO'!$B$6:$B$105,1)&" → "&SUMIFS('CICLOS BILBO'!$H$6:$H$105,'CICLOS BILBO'!$A$6:$A$105,"Press militar",'CICLOS BILBO'!$B$6:$B$105,1)&"×"&SUMIFS('CICLOS BILBO'!$I$6:$I$105,'CICLOS BILBO'!$A$6:$A$105,"Press militar",'CICLOS BILBO'!$B$6:$B$105,1)&" ("&SUMIFS('CICLOS BILBO'!$J$6:$J$105,'CICLOS BILBO'!$A$6:$A$105,"Press militar",'CICLOS BILBO'!$B$6:$B$105,1)&" ses.)")) -> abierto, sin sesiones | D12: =IF(COUNTIFS('CICLOS BILBO'!$A$6:$A$105,"Remo bajo en polea",'CICLOS BILBO'!$B$6:$B$105,1)=0,"",IF(SUMIFS('CICLOS BILBO'!$J$6:$J$105,'CICLOS BILBO'!$A$6:$A$105,"Remo bajo en polea",'CICLOS BILBO'!$B$6:$B$105,1)=0,"abierto, sin sesiones",SUMIFS('CICLOS BILBO'!$E$6:$E$105,'CICLOS BILBO'!$A$6:$A$105,"Remo bajo en polea",'CICLOS BILBO'!$B$6:$B$105,1)&"×"&SUMIFS('CICLOS BILBO'!$F$6:$F$105,'CICLOS BILBO'!$A$6:$A$105,"Remo bajo en polea",'CICLOS BILBO'!$B$6:$B$105,1)&" → "&SUMIFS('CICLOS BILBO'!$H$6:$H$105,'CICLOS BILBO'!$A$6:$A$105,"Remo bajo en polea",'CICLOS BILBO'!$B$6:$B$105,1)&"×"&SUMIFS('CICLOS BILBO'!$I$6:$I$105,'CICLOS BILBO'!$A$6:$A$105,"Remo bajo en polea",'CICLOS BILBO'!$B$6:$B$105,1)&" ("&SUMIFS('CICLOS BILBO'!$J$6:$J$105,'CICLOS BILBO'!$A$6:$A$105,"Remo bajo en polea",'CICLOS BILBO'!$B$6:$B$105,1)&" ses.)")) -> abierto, sin sesiones
